file_path,label,label_id
C:\Users\kit02\GitHub\Cataract-1K\Phase_recognition_dataset\Training_Dataset\Incision\case_4687_Incision_0_00_13.279947-0_00_16.90023430fps.mp4,Incision,0
C:\Users\kit02\GitHub\Cataract-1K\Phase_recognition_dataset\Training_Dataset\Incision\case_4687_Incision_0_00_19.369369-0_00_23.54020730fps.mp4,Incision,0
C:\Users\kit02\GitHub\Cataract-1K\Phase_recognition_dataset\Training_Dataset\Incision\case_4693_Incision_0_00_05.405405-0_00_10.62729430fps.mp4,Incision,0
C:\Users\kit02\GitHub\Cataract-1K\Phase_recognition_dataset\Training_Dataset\Incision\case_4695_Incision_0_00_05.016667-0_00_09.33333330fps.mp4,Incision,0
C:\Users\kit02\GitHub\Cataract-1K\Phase_recognition_dataset\Training_Dataset\Incision\case_4695_Incision_0_00_12.400000-0_00_21.18333330fps.mp4,Incision,0
C:\Users\kit02\GitHub\Cataract-1K\Phase_recognition_dataset\Training_Dataset\Incision\case_4697_Incision_0_00_11.616667-0_00_15.88333330fps.mp4,Incision,0
C:\Users\kit02\GitHub\Cataract-1K\Phase_recognition_dataset\Training_Dataset\Incision\case_4697_Incision_0_00_18.700000-0_00_23.73333330fps.mp4,Incision,0
C:\Users\kit02\GitHub\Cataract-1K\Phase_recognition_dataset\Training_Dataset\Incision\case_4709_Incision_0_00_29.300000-0_00_35.68333330fps.mp4,Incision,0
C:\Users\kit02\GitHub\Cataract-1K\Phase_recognition_dataset\Training_Dataset\Incision\case_4750_Incision_0_00_03.300000-0_00_07.53333330fps.mp4,Incision,0
C:\Users\kit02\GitHub\Cataract-1K\Phase_recognition_dataset\Training_Dataset\Incision\case_4811_Incision_0_00_00.216884-0_00_04.87153830fps.mp4,Incision,0
C:\Users\kit02\GitHub\Cataract-1K\Phase_recognition_dataset\Training_Dataset\Incision\case_4811_Incision_0_00_07.557558-0_00_11.46146130fps.mp4,Incision,0
C:\Users\kit02\GitHub\Cataract-1K\Phase_recognition_dataset\Training_Dataset\Incision\case_4816_Incision_0_00_00-0_00_04.60000030fps.mp4,Incision,0
C:\Users\kit02\GitHub\Cataract-1K\Phase_recognition_dataset\Training_Dataset\Incision\case_4816_Incision_0_00_07.116667-0_00_10.43333330fps.mp4,Incision,0
C:\Users\kit02\GitHub\Cataract-1K\Phase_recognition_dataset\Training_Dataset\Incision\case_4852_Incision_0_00_46.079413-0_00_51.25125130fps.mp4,Incision,0
C:\Users\kit02\GitHub\Cataract-1K\Phase_recognition_dataset\Training_Dataset\Incision\case_4852_Incision_0_00_55.805806-0_01_02.14547930fps.mp4,Incision,0
C:\Users\kit02\GitHub\Cataract-1K\Phase_recognition_dataset\Training_Dataset\Incision\case_4859_Incision_0_00_04.650000-0_00_08.63333330fps.mp4,Incision,0
C:\Users\kit02\GitHub\Cataract-1K\Phase_recognition_dataset\Training_Dataset\Incision\case_4859_Incision_0_00_12.700000-0_00_1730fps.mp4,Incision,0
C:\Users\kit02\GitHub\Cataract-1K\Phase_recognition_dataset\Training_Dataset\Incision\case_4863_Incision_0_00_06.850000-0_00_12.36666730fps.mp4,Incision,0
C:\Users\kit02\GitHub\Cataract-1K\Phase_recognition_dataset\Training_Dataset\Incision\case_4864_Incision_0_00_04.683333-0_00_08.38333330fps.mp4,Incision,0
C:\Users\kit02\GitHub\Cataract-1K\Phase_recognition_dataset\Training_Dataset\Incision\case_4864_Incision_0_00_12.516667-0_00_17.90000030fps.mp4,Incision,0
C:\Users\kit02\GitHub\Cataract-1K\Phase_recognition_dataset\Training_Dataset\Incision\case_4874_Incision_0_00_32.916667-0_00_38.28333330fps.mp4,Incision,0
C:\Users\kit02\GitHub\Cataract-1K\Phase_recognition_dataset\Training_Dataset\Incision\case_4888_Incision_0_00_05.205205-0_00_08.80880930fps.mp4,Incision,0
C:\Users\kit02\GitHub\Cataract-1K\Phase_recognition_dataset\Training_Dataset\Incision\case_4899_Incision_0_00_02.550000-0_00_06.50000030fps.mp4,Incision,0
C:\Users\kit02\GitHub\Cataract-1K\Phase_recognition_dataset\Training_Dataset\Incision\case_4899_Incision_0_00_09-0_00_15.08333330fps.mp4,Incision,0
C:\Users\kit02\GitHub\Cataract-1K\Phase_recognition_dataset\Training_Dataset\Incision\case_4906_Incision_0_00_11.750000-0_00_16.28333330fps.mp4,Incision,0
C:\Users\kit02\GitHub\Cataract-1K\Phase_recognition_dataset\Training_Dataset\Incision\case_4906_Incision_0_00_18.900000-0_00_27.08333330fps.mp4,Incision,0
C:\Users\kit02\GitHub\Cataract-1K\Phase_recognition_dataset\Training_Dataset\Incision\case_4923_Incision_0_00_07.466667-0_00_15.28333330fps.mp4,Incision,0
C:\Users\kit02\GitHub\Cataract-1K\Phase_recognition_dataset\Training_Dataset\Incision\case_4924_Incision_0_00_00-0_00_06.10000030fps.mp4,Incision,0
C:\Users\kit02\GitHub\Cataract-1K\Phase_recognition_dataset\Training_Dataset\Incision\case_4924_Incision_0_00_10.300000-0_00_15.13333330fps.mp4,Incision,0
C:\Users\kit02\GitHub\Cataract-1K\Phase_recognition_dataset\Training_Dataset\Incision\case_4927_Incision_0_00_04.921588-0_00_11.32799530fps.mp4,Incision,0
C:\Users\kit02\GitHub\Cataract-1K\Phase_recognition_dataset\Training_Dataset\Incision\case_4927_Incision_0_00_15.415415-0_00_21.00433830fps.mp4,Incision,0
C:\Users\kit02\GitHub\Cataract-1K\Phase_recognition_dataset\Training_Dataset\Incision\case_4939_Incision_0_00_06.850000-0_00_10.73333330fps.mp4,Incision,0
C:\Users\kit02\GitHub\Cataract-1K\Phase_recognition_dataset\Training_Dataset\Incision\case_4999_Incision_0_00_00.316984-0_00_04.02068730fps.mp4,Incision,0
C:\Users\kit02\GitHub\Cataract-1K\Phase_recognition_dataset\Training_Dataset\Incision\case_4999_Incision_0_00_07.507508-0_00_11.39472830fps.mp4,Incision,0
C:\Users\kit02\GitHub\Cataract-1K\Phase_recognition_dataset\Training_Dataset\Incision\case_5004_Incision_0_00_03.050000-0_00_07.15000030fps.mp4,Incision,0
C:\Users\kit02\GitHub\Cataract-1K\Phase_recognition_dataset\Training_Dataset\Incision\case_5004_Incision_0_00_14.250000-0_00_18.75000030fps.mp4,Incision,0
C:\Users\kit02\GitHub\Cataract-1K\Phase_recognition_dataset\Training_Dataset\Incision\case_5006_Incision_0_00_07.300000-0_00_11.73333330fps.mp4,Incision,0
C:\Users\kit02\GitHub\Cataract-1K\Phase_recognition_dataset\Training_Dataset\Incision\case_5011_Incision_0_00_04.938272-0_00_08.60860930fps.mp4,Incision,0
C:\Users\kit02\GitHub\Cataract-1K\Phase_recognition_dataset\Training_Dataset\Incision\case_5013_Incision_0_00_10.210210-0_00_14.34768130fps.mp4,Incision,0
C:\Users\kit02\GitHub\Cataract-1K\Phase_recognition_dataset\Training_Dataset\Incision\case_5014_Incision_0_00_09.616667-0_00_13.33333330fps.mp4,Incision,0
C:\Users\kit02\GitHub\Cataract-1K\Phase_recognition_dataset\Training_Dataset\Incision\case_5014_Incision_0_00_16.800000-0_00_20.88333330fps.mp4,Incision,0
C:\Users\kit02\GitHub\Cataract-1K\Phase_recognition_dataset\Training_Dataset\Incision\case_5015_Incision_0_00_01.800000-0_00_05.73333330fps.mp4,Incision,0
C:\Users\kit02\GitHub\Cataract-1K\Phase_recognition_dataset\Training_Dataset\Incision\case_5015_Incision_0_00_09.100000-0_00_12.50000030fps.mp4,Incision,0
C:\Users\kit02\GitHub\Cataract-1K\Phase_recognition_dataset\Training_Dataset\Incision\case_5016_Incision_0_00_02.816667-0_00_05.93333330fps.mp4,Incision,0
C:\Users\kit02\GitHub\Cataract-1K\Phase_recognition_dataset\Training_Dataset\Incision\case_5016_Incision_0_00_12.366667-0_00_15.88333330fps.mp4,Incision,0
C:\Users\kit02\GitHub\Cataract-1K\Phase_recognition_dataset\Training_Dataset\Incision\case_5017_Incision_0_00_02.250000-0_00_06.18333330fps.mp4,Incision,0
C:\Users\kit02\GitHub\Cataract-1K\Phase_recognition_dataset\Training_Dataset\Incision\case_5017_Incision_0_00_09.433333-0_00_12.53333330fps.mp4,Incision,0
C:\Users\kit02\GitHub\Cataract-1K\Phase_recognition_dataset\Training_Dataset\Incision\case_5032_Incision_0_00_01.950000-0_00_06.03333330fps.mp4,Incision,0
C:\Users\kit02\GitHub\Cataract-1K\Phase_recognition_dataset\Training_Dataset\Incision\case_5051_Incision_0_00_07.891225-0_00_12.47914630fps.mp4,Incision,0
C:\Users\kit02\GitHub\Cataract-1K\Phase_recognition_dataset\Training_Dataset\Incision\case_5057_Incision_0_00_01.650000-0_00_05.45000030fps.mp4,Incision,0
C:\Users\kit02\GitHub\Cataract-1K\Phase_recognition_dataset\Training_Dataset\Incision\case_5057_Incision_0_00_08.316667-0_00_12.53333330fps.mp4,Incision,0
C:\Users\kit02\GitHub\Cataract-1K\Phase_recognition_dataset\Training_Dataset\Incision\case_5058_Incision_0_00_12.916667-0_00_18.28333330fps.mp4,Incision,0
C:\Users\kit02\GitHub\Cataract-1K\Phase_recognition_dataset\Training_Dataset\Incision\case_5063_Incision_0_00_03.250000-0_00_06.43333330fps.mp4,Incision,0
C:\Users\kit02\GitHub\Cataract-1K\Phase_recognition_dataset\Training_Dataset\Incision\case_5063_Incision_0_00_08.816667-0_00_12.18333330fps.mp4,Incision,0
C:\Users\kit02\GitHub\Cataract-1K\Phase_recognition_dataset\Training_Dataset\Incision\case_5072_Incision_0_00_05.171839-0_00_08.30830830fps.mp4,Incision,0
C:\Users\kit02\GitHub\Cataract-1K\Phase_recognition_dataset\Training_Dataset\Incision\case_5104_Incision_0_00_00-0_00_17.73333330fps.mp4,Incision,0
C:\Users\kit02\GitHub\Cataract-1K\Phase_recognition_dataset\Training_Dataset\Incision\case_5104_Incision_0_00_23.850000-0_00_33.85000030fps.mp4,Incision,0
C:\Users\kit02\GitHub\Cataract-1K\Phase_recognition_dataset\Training_Dataset\Incision\case_5261_Incision_0_00_19.500000-0_00_23.28333330fps.mp4,Incision,0
C:\Users\kit02\GitHub\Cataract-1K\Phase_recognition_dataset\Training_Dataset\Incision\case_5311_Incision_0_00_21.300000-0_00_25.35000030fps.mp4,Incision,0
C:\Users\kit02\GitHub\Cataract-1K\Phase_recognition_dataset\Training_Dataset\Incision\case_5311_Incision_0_00_27.666667-0_00_32.23333330fps.mp4,Incision,0
C:\Users\kit02\GitHub\Cataract-1K\Phase_recognition_dataset\Training_Dataset\Incision\case_5316_Incision_0_00_10.100000-0_00_14.53333330fps.mp4,Incision,0
C:\Users\kit02\GitHub\Cataract-1K\Phase_recognition_dataset\Training_Dataset\Incision\case_5317_Incision_0_00_02-0_00_07.05000030fps.mp4,Incision,0
C:\Users\kit02\GitHub\Cataract-1K\Phase_recognition_dataset\Training_Dataset\Incision\case_5319_Incision_0_00_02.366667-0_00_06.35000030fps.mp4,Incision,0
C:\Users\kit02\GitHub\Cataract-1K\Phase_recognition_dataset\Training_Dataset\Incision\case_5319_Incision_0_00_12.300000-0_00_21.98333330fps.mp4,Incision,0
C:\Users\kit02\GitHub\Cataract-1K\Phase_recognition_dataset\Training_Dataset\Incision\case_5329_Incision_0_00_06.156156-0_00_10.34367730fps.mp4,Incision,0
C:\Users\kit02\GitHub\Cataract-1K\Phase_recognition_dataset\Training_Dataset\Incision\case_5331_Incision_0_00_00.050000-0_00_04.38333330fps.mp4,Incision,0
C:\Users\kit02\GitHub\Cataract-1K\Phase_recognition_dataset\Training_Dataset\Incision\case_5331_Incision_0_00_08.250000-0_00_12.30000030fps.mp4,Incision,0
C:\Users\kit02\GitHub\Cataract-1K\Phase_recognition_dataset\Training_Dataset\Incision\case_5334_Incision_0_00_07.741074-0_00_12.36236230fps.mp4,Incision,0
C:\Users\kit02\GitHub\Cataract-1K\Phase_recognition_dataset\Training_Dataset\Incision\case_5335_Incision_0_00_07.250000-0_00_11.68333330fps.mp4,Incision,0
C:\Users\kit02\GitHub\Cataract-1K\Phase_recognition_dataset\Training_Dataset\Incision\case_5340_Incision_0_00_07.574241-0_00_12.51251330fps.mp4,Incision,0
C:\Users\kit02\GitHub\Cataract-1K\Phase_recognition_dataset\Training_Dataset\Viscoelastic\case_4687_Viscoelastic_0_00_24.891558-0_00_28.49516230fps.mp4,Viscoelastic,1
C:\Users\kit02\GitHub\Cataract-1K\Phase_recognition_dataset\Training_Dataset\Viscoelastic\case_4693_Viscoelastic_0_00_13.947281-0_00_19.25258630fps.mp4,Viscoelastic,1
C:\Users\kit02\GitHub\Cataract-1K\Phase_recognition_dataset\Training_Dataset\Viscoelastic\case_4693_Viscoelastic_0_03_11.941942-0_03_16.98031430fps.mp4,Viscoelastic,1
C:\Users\kit02\GitHub\Cataract-1K\Phase_recognition_dataset\Training_Dataset\Viscoelastic\case_4693_Viscoelastic_0_03_19.549550-0_03_25.58892230fps.mp4,Viscoelastic,1
C:\Users\kit02\GitHub\Cataract-1K\Phase_recognition_dataset\Training_Dataset\Viscoelastic\case_4695_Viscoelastic_0_00_24.600000-0_00_29.38333330fps.mp4,Viscoelastic,1
C:\Users\kit02\GitHub\Cataract-1K\Phase_recognition_dataset\Training_Dataset\Viscoelastic\case_4695_Viscoelastic_0_04_12.050000-0_04_17.28333330fps.mp4,Viscoelastic,1
C:\Users\kit02\GitHub\Cataract-1K\Phase_recognition_dataset\Training_Dataset\Viscoelastic\case_4697_Viscoelastic_0_00_26.866667-0_00_34.08333330fps.mp4,Viscoelastic,1
C:\Users\kit02\GitHub\Cataract-1K\Phase_recognition_dataset\Training_Dataset\Viscoelastic\case_4709_Viscoelastic_0_00_38.500000-0_00_44.30000030fps.mp4,Viscoelastic,1
C:\Users\kit02\GitHub\Cataract-1K\Phase_recognition_dataset\Training_Dataset\Viscoelastic\case_4709_Viscoelastic_0_06_03.900000-0_06_13.53333330fps.mp4,Viscoelastic,1
C:\Users\kit02\GitHub\Cataract-1K\Phase_recognition_dataset\Training_Dataset\Viscoelastic\case_4750_Viscoelastic_0_00_09.500000-0_00_12.75000030fps.mp4,Viscoelastic,1
C:\Users\kit02\GitHub\Cataract-1K\Phase_recognition_dataset\Training_Dataset\Viscoelastic\case_4811_Viscoelastic_0_00_14.314314-0_00_18.20153530fps.mp4,Viscoelastic,1
C:\Users\kit02\GitHub\Cataract-1K\Phase_recognition_dataset\Training_Dataset\Viscoelastic\case_4811_Viscoelastic_0_04_48.938939-0_04_54.24424430fps.mp4,Viscoelastic,1
C:\Users\kit02\GitHub\Cataract-1K\Phase_recognition_dataset\Training_Dataset\Viscoelastic\case_4816_Viscoelastic_0_00_12.750000-0_00_16.88333330fps.mp4,Viscoelastic,1
C:\Users\kit02\GitHub\Cataract-1K\Phase_recognition_dataset\Training_Dataset\Viscoelastic\case_4816_Viscoelastic_0_03_48.200000-0_03_53.38333330fps.mp4,Viscoelastic,1
C:\Users\kit02\GitHub\Cataract-1K\Phase_recognition_dataset\Training_Dataset\Viscoelastic\case_4852_Viscoelastic_0_01_06.750083-0_01_18.09476130fps.mp4,Viscoelastic,1
C:\Users\kit02\GitHub\Cataract-1K\Phase_recognition_dataset\Training_Dataset\Viscoelastic\case_4852_Viscoelastic_0_07_10.497164-0_07_18.22155530fps.mp4,Viscoelastic,1
C:\Users\kit02\GitHub\Cataract-1K\Phase_recognition_dataset\Training_Dataset\Viscoelastic\case_4859_Viscoelastic_0_00_21.250000-0_00_28.98333330fps.mp4,Viscoelastic,1
C:\Users\kit02\GitHub\Cataract-1K\Phase_recognition_dataset\Training_Dataset\Viscoelastic\case_4859_Viscoelastic_0_07_58.600000-0_08_04.10000030fps.mp4,Viscoelastic,1
C:\Users\kit02\GitHub\Cataract-1K\Phase_recognition_dataset\Training_Dataset\Viscoelastic\case_4863_Viscoelastic_0_00_15.733333-0_00_22.60000030fps.mp4,Viscoelastic,1
C:\Users\kit02\GitHub\Cataract-1K\Phase_recognition_dataset\Training_Dataset\Viscoelastic\case_4863_Viscoelastic_0_05_22.233333-0_05_27.75000030fps.mp4,Viscoelastic,1
C:\Users\kit02\GitHub\Cataract-1K\Phase_recognition_dataset\Training_Dataset\Viscoelastic\case_4864_Viscoelastic_0_00_22.100000-0_00_30.28333330fps.mp4,Viscoelastic,1
C:\Users\kit02\GitHub\Cataract-1K\Phase_recognition_dataset\Training_Dataset\Viscoelastic\case_4864_Viscoelastic_0_06_29.716667-0_06_37.08333330fps.mp4,Viscoelastic,1
C:\Users\kit02\GitHub\Cataract-1K\Phase_recognition_dataset\Training_Dataset\Viscoelastic\case_4874_Viscoelastic_0_00_41.100000-0_00_46.23333330fps.mp4,Viscoelastic,1
C:\Users\kit02\GitHub\Cataract-1K\Phase_recognition_dataset\Training_Dataset\Viscoelastic\case_4874_Viscoelastic_0_03_53.750000-0_03_59.38333330fps.mp4,Viscoelastic,1
C:\Users\kit02\GitHub\Cataract-1K\Phase_recognition_dataset\Training_Dataset\Viscoelastic\case_4888_Viscoelastic_0_00_10.577244-0_00_14.04738130fps.mp4,Viscoelastic,1
C:\Users\kit02\GitHub\Cataract-1K\Phase_recognition_dataset\Training_Dataset\Viscoelastic\case_4888_Viscoelastic_0_03_18.148148-0_03_21.50150230fps.mp4,Viscoelastic,1
C:\Users\kit02\GitHub\Cataract-1K\Phase_recognition_dataset\Training_Dataset\Viscoelastic\case_4899_Viscoelastic_0_00_17.916667-0_00_24.43333330fps.mp4,Viscoelastic,1
C:\Users\kit02\GitHub\Cataract-1K\Phase_recognition_dataset\Training_Dataset\Viscoelastic\case_4899_Viscoelastic_0_04_43.450000-0_04_52.60000030fps.mp4,Viscoelastic,1
C:\Users\kit02\GitHub\Cataract-1K\Phase_recognition_dataset\Training_Dataset\Viscoelastic\case_4906_Viscoelastic_0_00_39.116667-0_00_47.03333330fps.mp4,Viscoelastic,1
C:\Users\kit02\GitHub\Cataract-1K\Phase_recognition_dataset\Training_Dataset\Viscoelastic\case_4906_Viscoelastic_0_04_34.050000-0_04_41.33333330fps.mp4,Viscoelastic,1
C:\Users\kit02\GitHub\Cataract-1K\Phase_recognition_dataset\Training_Dataset\Viscoelastic\case_4923_Viscoelastic_0_00_19.066667-0_00_24.23333330fps.mp4,Viscoelastic,1
C:\Users\kit02\GitHub\Cataract-1K\Phase_recognition_dataset\Training_Dataset\Viscoelastic\case_4923_Viscoelastic_0_07_07.550000-0_07_13.90000030fps.mp4,Viscoelastic,1
C:\Users\kit02\GitHub\Cataract-1K\Phase_recognition_dataset\Training_Dataset\Viscoelastic\case_4924_Viscoelastic_0_00_27.100000-0_00_36.33333330fps.mp4,Viscoelastic,1
C:\Users\kit02\GitHub\Cataract-1K\Phase_recognition_dataset\Training_Dataset\Viscoelastic\case_4924_Viscoelastic_0_06_06.500000-0_06_13.38333330fps.mp4,Viscoelastic,1
C:\Users\kit02\GitHub\Cataract-1K\Phase_recognition_dataset\Training_Dataset\Viscoelastic\case_4927_Viscoelastic_0_00_24.657991-0_00_31.74841530fps.mp4,Viscoelastic,1
C:\Users\kit02\GitHub\Cataract-1K\Phase_recognition_dataset\Training_Dataset\Viscoelastic\case_4927_Viscoelastic_0_07_54.858192-0_08_02.38238230fps.mp4,Viscoelastic,1
C:\Users\kit02\GitHub\Cataract-1K\Phase_recognition_dataset\Training_Dataset\Viscoelastic\case_4939_Viscoelastic_0_00_14.750000-0_00_20.78333330fps.mp4,Viscoelastic,1
C:\Users\kit02\GitHub\Cataract-1K\Phase_recognition_dataset\Training_Dataset\Viscoelastic\case_4939_Viscoelastic_0_03_46.700000-0_03_52.68333330fps.mp4,Viscoelastic,1
C:\Users\kit02\GitHub\Cataract-1K\Phase_recognition_dataset\Training_Dataset\Viscoelastic\case_4999_Viscoelastic_0_00_14.698031-0_00_20.52052130fps.mp4,Viscoelastic,1
C:\Users\kit02\GitHub\Cataract-1K\Phase_recognition_dataset\Training_Dataset\Viscoelastic\case_4999_Viscoelastic_0_04_32.889556-0_04_38.29496230fps.mp4,Viscoelastic,1
C:\Users\kit02\GitHub\Cataract-1K\Phase_recognition_dataset\Training_Dataset\Viscoelastic\case_5004_Viscoelastic_0_00_27.650000-0_00_34.40000030fps.mp4,Viscoelastic,1
C:\Users\kit02\GitHub\Cataract-1K\Phase_recognition_dataset\Training_Dataset\Viscoelastic\case_5004_Viscoelastic_0_04_15.100000-0_04_24.33333330fps.mp4,Viscoelastic,1
C:\Users\kit02\GitHub\Cataract-1K\Phase_recognition_dataset\Training_Dataset\Viscoelastic\case_5006_Viscoelastic_0_00_14.666667-0_00_19.23333330fps.mp4,Viscoelastic,1
C:\Users\kit02\GitHub\Cataract-1K\Phase_recognition_dataset\Training_Dataset\Viscoelastic\case_5006_Viscoelastic_0_04_18.150000-0_04_24.48333330fps.mp4,Viscoelastic,1
C:\Users\kit02\GitHub\Cataract-1K\Phase_recognition_dataset\Training_Dataset\Viscoelastic\case_5011_Viscoelastic_0_00_19.652986-0_00_26.12612630fps.mp4,Viscoelastic,1
C:\Users\kit02\GitHub\Cataract-1K\Phase_recognition_dataset\Training_Dataset\Viscoelastic\case_5011_Viscoelastic_0_04_24.998332-0_04_29.60293630fps.mp4,Viscoelastic,1
C:\Users\kit02\GitHub\Cataract-1K\Phase_recognition_dataset\Training_Dataset\Viscoelastic\case_5013_Viscoelastic_0_00_17.400734-0_00_25.34200930fps.mp4,Viscoelastic,1
C:\Users\kit02\GitHub\Cataract-1K\Phase_recognition_dataset\Training_Dataset\Viscoelastic\case_5013_Viscoelastic_0_04_21.127794-0_04_25.94928330fps.mp4,Viscoelastic,1
C:\Users\kit02\GitHub\Cataract-1K\Phase_recognition_dataset\Training_Dataset\Viscoelastic\case_5014_Viscoelastic_0_00_23.716667-0_00_28.58333330fps.mp4,Viscoelastic,1
C:\Users\kit02\GitHub\Cataract-1K\Phase_recognition_dataset\Training_Dataset\Viscoelastic\case_5014_Viscoelastic_0_05_16.050000-0_05_21.28333330fps.mp4,Viscoelastic,1
C:\Users\kit02\GitHub\Cataract-1K\Phase_recognition_dataset\Training_Dataset\Viscoelastic\case_5015_Viscoelastic_0_00_15.366667-0_00_21.80000030fps.mp4,Viscoelastic,1
C:\Users\kit02\GitHub\Cataract-1K\Phase_recognition_dataset\Training_Dataset\Viscoelastic\case_5015_Viscoelastic_0_03_51.950000-0_03_57.18333330fps.mp4,Viscoelastic,1
C:\Users\kit02\GitHub\Cataract-1K\Phase_recognition_dataset\Training_Dataset\Viscoelastic\case_5016_Viscoelastic_0_00_19.466667-0_00_28.20000030fps.mp4,Viscoelastic,1
C:\Users\kit02\GitHub\Cataract-1K\Phase_recognition_dataset\Training_Dataset\Viscoelastic\case_5016_Viscoelastic_0_04_01.066667-0_04_06.43333330fps.mp4,Viscoelastic,1
C:\Users\kit02\GitHub\Cataract-1K\Phase_recognition_dataset\Training_Dataset\Viscoelastic\case_5017_Viscoelastic_0_00_15.300000-0_00_21.03333330fps.mp4,Viscoelastic,1
C:\Users\kit02\GitHub\Cataract-1K\Phase_recognition_dataset\Training_Dataset\Viscoelastic\case_5017_Viscoelastic_0_04_20.016667-0_04_23.90000030fps.mp4,Viscoelastic,1
C:\Users\kit02\GitHub\Cataract-1K\Phase_recognition_dataset\Training_Dataset\Viscoelastic\case_5032_Viscoelastic_0_00_14.850000-0_00_19.08333330fps.mp4,Viscoelastic,1
C:\Users\kit02\GitHub\Cataract-1K\Phase_recognition_dataset\Training_Dataset\Viscoelastic\case_5032_Viscoelastic_0_03_23.750000-0_03_27.40000030fps.mp4,Viscoelastic,1
C:\Users\kit02\GitHub\Cataract-1K\Phase_recognition_dataset\Training_Dataset\Viscoelastic\case_5051_Viscoelastic_0_00_15.398732-0_00_19.20253630fps.mp4,Viscoelastic,1
C:\Users\kit02\GitHub\Cataract-1K\Phase_recognition_dataset\Training_Dataset\Viscoelastic\case_5051_Viscoelastic_0_03_15.211879-0_03_20.28361730fps.mp4,Viscoelastic,1
C:\Users\kit02\GitHub\Cataract-1K\Phase_recognition_dataset\Training_Dataset\Viscoelastic\case_5057_Viscoelastic_0_00_15.750000-0_00_22.18333330fps.mp4,Viscoelastic,1
C:\Users\kit02\GitHub\Cataract-1K\Phase_recognition_dataset\Training_Dataset\Viscoelastic\case_5057_Viscoelastic_0_04_16-0_04_22.75000030fps.mp4,Viscoelastic,1
C:\Users\kit02\GitHub\Cataract-1K\Phase_recognition_dataset\Training_Dataset\Viscoelastic\case_5058_Viscoelastic_0_00_21.266667-0_00_25.18333330fps.mp4,Viscoelastic,1
C:\Users\kit02\GitHub\Cataract-1K\Phase_recognition_dataset\Training_Dataset\Viscoelastic\case_5058_Viscoelastic_0_04_11.616667-0_04_17.08333330fps.mp4,Viscoelastic,1
C:\Users\kit02\GitHub\Cataract-1K\Phase_recognition_dataset\Training_Dataset\Viscoelastic\case_5063_Viscoelastic_0_00_15.750000-0_00_20.05000030fps.mp4,Viscoelastic,1
C:\Users\kit02\GitHub\Cataract-1K\Phase_recognition_dataset\Training_Dataset\Viscoelastic\case_5063_Viscoelastic_0_04_00.050000-0_04_05.13333330fps.mp4,Viscoelastic,1
C:\Users\kit02\GitHub\Cataract-1K\Phase_recognition_dataset\Training_Dataset\Viscoelastic\case_5072_Viscoelastic_0_00_10.560561-0_00_15.93259930fps.mp4,Viscoelastic,1
C:\Users\kit02\GitHub\Cataract-1K\Phase_recognition_dataset\Training_Dataset\Viscoelastic\case_5072_Viscoelastic_0_04_26.099433-0_04_31.28795530fps.mp4,Viscoelastic,1
C:\Users\kit02\GitHub\Cataract-1K\Phase_recognition_dataset\Training_Dataset\Viscoelastic\case_5104_Viscoelastic_0_00_38.016667-0_00_53.53333330fps.mp4,Viscoelastic,1
C:\Users\kit02\GitHub\Cataract-1K\Phase_recognition_dataset\Training_Dataset\Viscoelastic\case_5104_Viscoelastic_0_13_10.700000-0_13_23.60000030fps.mp4,Viscoelastic,1
C:\Users\kit02\GitHub\Cataract-1K\Phase_recognition_dataset\Training_Dataset\Viscoelastic\case_5261_Viscoelastic_0_00_30.700000-0_00_36.23333330fps.mp4,Viscoelastic,1
C:\Users\kit02\GitHub\Cataract-1K\Phase_recognition_dataset\Training_Dataset\Viscoelastic\case_5261_Viscoelastic_0_03_22.800000-0_03_26.83333330fps.mp4,Viscoelastic,1
C:\Users\kit02\GitHub\Cataract-1K\Phase_recognition_dataset\Training_Dataset\Viscoelastic\case_5300_Viscoelastic_0_00_18.500000-0_00_22.98333330fps.mp4,Viscoelastic,1
C:\Users\kit02\GitHub\Cataract-1K\Phase_recognition_dataset\Training_Dataset\Viscoelastic\case_5300_Viscoelastic_0_03_40.350000-0_03_44.23333330fps.mp4,Viscoelastic,1
C:\Users\kit02\GitHub\Cataract-1K\Phase_recognition_dataset\Training_Dataset\Viscoelastic\case_5301_Viscoelastic_0_00_14.097431-0_00_18.25158530fps.mp4,Viscoelastic,1
C:\Users\kit02\GitHub\Cataract-1K\Phase_recognition_dataset\Training_Dataset\Viscoelastic\case_5301_Viscoelastic_0_03_04.651318-0_03_08.57190530fps.mp4,Viscoelastic,1
C:\Users\kit02\GitHub\Cataract-1K\Phase_recognition_dataset\Training_Dataset\Viscoelastic\case_5303_Viscoelastic_0_00_15.448782-0_00_19.73640330fps.mp4,Viscoelastic,1
C:\Users\kit02\GitHub\Cataract-1K\Phase_recognition_dataset\Training_Dataset\Viscoelastic\case_5303_Viscoelastic_0_03_04.000667-0_03_09.92325730fps.mp4,Viscoelastic,1
C:\Users\kit02\GitHub\Cataract-1K\Phase_recognition_dataset\Training_Dataset\Viscoelastic\case_5304_Viscoelastic_0_00_12.166667-0_00_16.40000030fps.mp4,Viscoelastic,1
C:\Users\kit02\GitHub\Cataract-1K\Phase_recognition_dataset\Training_Dataset\Viscoelastic\case_5304_Viscoelastic_0_02_51.850000-0_02_57.53333330fps.mp4,Viscoelastic,1
C:\Users\kit02\GitHub\Cataract-1K\Phase_recognition_dataset\Training_Dataset\Viscoelastic\case_5305_Viscoelastic_0_00_17.717718-0_00_20.98765430fps.mp4,Viscoelastic,1
C:\Users\kit02\GitHub\Cataract-1K\Phase_recognition_dataset\Training_Dataset\Viscoelastic\case_5305_Viscoelastic_0_02_58.895562-0_03_04.85151830fps.mp4,Viscoelastic,1
C:\Users\kit02\GitHub\Cataract-1K\Phase_recognition_dataset\Training_Dataset\Viscoelastic\case_5309_Viscoelastic_0_00_14.297631-0_00_19.93660330fps.mp4,Viscoelastic,1
C:\Users\kit02\GitHub\Cataract-1K\Phase_recognition_dataset\Training_Dataset\Viscoelastic\case_5309_Viscoelastic_0_03_46.426426-0_03_54.70136830fps.mp4,Viscoelastic,1
C:\Users\kit02\GitHub\Cataract-1K\Phase_recognition_dataset\Training_Dataset\Viscoelastic\case_5311_Viscoelastic_0_00_34.650000-0_00_39.43333330fps.mp4,Viscoelastic,1
C:\Users\kit02\GitHub\Cataract-1K\Phase_recognition_dataset\Training_Dataset\Viscoelastic\case_5311_Viscoelastic_0_05_09.966667-0_05_14.10000030fps.mp4,Viscoelastic,1
C:\Users\kit02\GitHub\Cataract-1K\Phase_recognition_dataset\Training_Dataset\Viscoelastic\case_5314_Viscoelastic_0_03_37.200000-0_03_42.03333330fps.mp4,Viscoelastic,1
C:\Users\kit02\GitHub\Cataract-1K\Phase_recognition_dataset\Training_Dataset\Viscoelastic\case_5315_Viscoelastic_0_00_13.947281-0_00_17.60093430fps.mp4,Viscoelastic,1
C:\Users\kit02\GitHub\Cataract-1K\Phase_recognition_dataset\Training_Dataset\Viscoelastic\case_5315_Viscoelastic_0_04_12.268936-0_04_16.92359030fps.mp4,Viscoelastic,1
C:\Users\kit02\GitHub\Cataract-1K\Phase_recognition_dataset\Training_Dataset\Viscoelastic\case_5316_Viscoelastic_0_00_17.366667-0_00_22.48333330fps.mp4,Viscoelastic,1
C:\Users\kit02\GitHub\Cataract-1K\Phase_recognition_dataset\Training_Dataset\Viscoelastic\case_5316_Viscoelastic_0_03_46.150000-0_03_50.93333330fps.mp4,Viscoelastic,1
C:\Users\kit02\GitHub\Cataract-1K\Phase_recognition_dataset\Training_Dataset\Viscoelastic\case_5317_Viscoelastic_0_00_14.350000-0_00_18.85000030fps.mp4,Viscoelastic,1
C:\Users\kit02\GitHub\Cataract-1K\Phase_recognition_dataset\Training_Dataset\Viscoelastic\case_5317_Viscoelastic_0_03_12.366667-0_03_17.38333330fps.mp4,Viscoelastic,1
C:\Users\kit02\GitHub\Cataract-1K\Phase_recognition_dataset\Training_Dataset\Viscoelastic\case_5319_Viscoelastic_0_00_26.200000-0_00_33.13333330fps.mp4,Viscoelastic,1
C:\Users\kit02\GitHub\Cataract-1K\Phase_recognition_dataset\Training_Dataset\Viscoelastic\case_5319_Viscoelastic_0_06_54.250000-0_07_00.18333330fps.mp4,Viscoelastic,1
C:\Users\kit02\GitHub\Cataract-1K\Phase_recognition_dataset\Training_Dataset\Viscoelastic\case_5329_Viscoelastic_0_00_14.714715-0_00_23.22322330fps.mp4,Viscoelastic,1
C:\Users\kit02\GitHub\Cataract-1K\Phase_recognition_dataset\Training_Dataset\Viscoelastic\case_5331_Viscoelastic_0_00_16.216667-0_00_20.85000030fps.mp4,Viscoelastic,1
C:\Users\kit02\GitHub\Cataract-1K\Phase_recognition_dataset\Training_Dataset\Viscoelastic\case_5331_Viscoelastic_0_04_42.116667-0_04_47.58333330fps.mp4,Viscoelastic,1
C:\Users\kit02\GitHub\Cataract-1K\Phase_recognition_dataset\Training_Dataset\Viscoelastic\case_5334_Viscoelastic_0_00_16.399733-0_00_21.32132130fps.mp4,Viscoelastic,1
C:\Users\kit02\GitHub\Cataract-1K\Phase_recognition_dataset\Training_Dataset\Viscoelastic\case_5334_Viscoelastic_0_04_36.576577-0_04_42.43243230fps.mp4,Viscoelastic,1
C:\Users\kit02\GitHub\Cataract-1K\Phase_recognition_dataset\Training_Dataset\Viscoelastic\case_5335_Viscoelastic_0_00_18.166667-0_00_25.60000030fps.mp4,Viscoelastic,1
C:\Users\kit02\GitHub\Cataract-1K\Phase_recognition_dataset\Training_Dataset\Viscoelastic\case_5335_Viscoelastic_0_04_24.900000-0_04_30.38333330fps.mp4,Viscoelastic,1
C:\Users\kit02\GitHub\Cataract-1K\Phase_recognition_dataset\Training_Dataset\Viscoelastic\case_5340_Viscoelastic_0_00_15.548882-0_00_23.34000730fps.mp4,Viscoelastic,1
C:\Users\kit02\GitHub\Cataract-1K\Phase_recognition_dataset\Training_Dataset\Viscoelastic\case_5340_Viscoelastic_0_04_09.549550-0_04_15.43877230fps.mp4,Viscoelastic,1
C:\Users\kit02\GitHub\Cataract-1K\Phase_recognition_dataset\Training_Dataset\Capsulorhexis\case_4687_Capsulorhexis_0_00_35.468802-0_01_05.88254930fps.mp4,Capsulorhexis,2
C:\Users\kit02\GitHub\Cataract-1K\Phase_recognition_dataset\Training_Dataset\Capsulorhexis\case_4687_Capsulorhexis_0_00_35.468802-0_01_05.88254930fps30fps.mp4,Capsulorhexis,2
C:\Users\kit02\GitHub\Cataract-1K\Phase_recognition_dataset\Training_Dataset\Capsulorhexis\case_4693_Capsulorhexis_0_00_21.137804-0_00_51.58491830fps.mp4,Capsulorhexis,2
C:\Users\kit02\GitHub\Cataract-1K\Phase_recognition_dataset\Training_Dataset\Capsulorhexis\case_4695_Capsulorhexis_0_00_31.050000-0_01_03.05000030fps.mp4,Capsulorhexis,2
C:\Users\kit02\GitHub\Cataract-1K\Phase_recognition_dataset\Training_Dataset\Capsulorhexis\case_4697_Capsulorhexis_0_00_39.966667-0_01_00.43333330fps.mp4,Capsulorhexis,2
C:\Users\kit02\GitHub\Cataract-1K\Phase_recognition_dataset\Training_Dataset\Capsulorhexis\case_4709_Capsulorhexis_0_00_46.350000-0_01_21.15000030fps.mp4,Capsulorhexis,2
C:\Users\kit02\GitHub\Cataract-1K\Phase_recognition_dataset\Training_Dataset\Capsulorhexis\case_4750_Capsulorhexis_0_00_14.616667-0_00_40.80000030fps.mp4,Capsulorhexis,2
C:\Users\kit02\GitHub\Cataract-1K\Phase_recognition_dataset\Training_Dataset\Capsulorhexis\case_4811_Capsulorhexis_0_00_20.220220-0_00_57.84117530fps.mp4,Capsulorhexis,2
C:\Users\kit02\GitHub\Cataract-1K\Phase_recognition_dataset\Training_Dataset\Capsulorhexis\case_4816_Capsulorhexis_0_00_19.150000-0_00_47.90000030fps.mp4,Capsulorhexis,2
C:\Users\kit02\GitHub\Cataract-1K\Phase_recognition_dataset\Training_Dataset\Capsulorhexis\case_4852_Capsulorhexis_0_01_21.247915-0_01_51.34467830fps.mp4,Capsulorhexis,2
C:\Users\kit02\GitHub\Cataract-1K\Phase_recognition_dataset\Training_Dataset\Capsulorhexis\case_4859_Capsulorhexis_0_00_32.600000-0_01_01.40000030fps.mp4,Capsulorhexis,2
C:\Users\kit02\GitHub\Cataract-1K\Phase_recognition_dataset\Training_Dataset\Capsulorhexis\case_4863_Capsulorhexis_0_00_25.266667-0_00_48.70000030fps.mp4,Capsulorhexis,2
C:\Users\kit02\GitHub\Cataract-1K\Phase_recognition_dataset\Training_Dataset\Capsulorhexis\case_4864_Capsulorhexis_0_00_32.816667-0_01_08.68333330fps.mp4,Capsulorhexis,2
C:\Users\kit02\GitHub\Cataract-1K\Phase_recognition_dataset\Training_Dataset\Capsulorhexis\case_4874_Capsulorhexis_0_00_49.200000-0_01_13.45000030fps.mp4,Capsulorhexis,2
C:\Users\kit02\GitHub\Cataract-1K\Phase_recognition_dataset\Training_Dataset\Capsulorhexis\case_4888_Capsulorhexis_0_00_15.915916-0_00_34.33433430fps.mp4,Capsulorhexis,2
C:\Users\kit02\GitHub\Cataract-1K\Phase_recognition_dataset\Training_Dataset\Capsulorhexis\case_4899_Capsulorhexis_0_00_31.600000-0_01_03.53333330fps.mp4,Capsulorhexis,2
C:\Users\kit02\GitHub\Cataract-1K\Phase_recognition_dataset\Training_Dataset\Capsulorhexis\case_4906_Capsulorhexis_0_00_49.350000-0_01_20.63333330fps.mp4,Capsulorhexis,2
C:\Users\kit02\GitHub\Cataract-1K\Phase_recognition_dataset\Training_Dataset\Capsulorhexis\case_4923_Capsulorhexis_0_00_27.450000-0_00_55.30000030fps.mp4,Capsulorhexis,2
C:\Users\kit02\GitHub\Cataract-1K\Phase_recognition_dataset\Training_Dataset\Capsulorhexis\case_4924_Capsulorhexis_0_00_38.866667-0_01_01.03333330fps.mp4,Capsulorhexis,2
C:\Users\kit02\GitHub\Cataract-1K\Phase_recognition_dataset\Training_Dataset\Capsulorhexis\case_4927_Capsulorhexis_0_00_34.250918-0_01_26.60327030fps.mp4,Capsulorhexis,2
C:\Users\kit02\GitHub\Cataract-1K\Phase_recognition_dataset\Training_Dataset\Capsulorhexis\case_4939_Capsulorhexis_0_00_32.750000-0_01_00.88333330fps.mp4,Capsulorhexis,2
C:\Users\kit02\GitHub\Cataract-1K\Phase_recognition_dataset\Training_Dataset\Capsulorhexis\case_4999_Capsulorhexis_0_00_23.606940-0_00_57.54087430fps.mp4,Capsulorhexis,2
C:\Users\kit02\GitHub\Cataract-1K\Phase_recognition_dataset\Training_Dataset\Capsulorhexis\case_5004_Capsulorhexis_0_00_36.250000-0_01_11.33333330fps.mp4,Capsulorhexis,2
C:\Users\kit02\GitHub\Cataract-1K\Phase_recognition_dataset\Training_Dataset\Capsulorhexis\case_5006_Capsulorhexis_0_00_21.450000-0_00_46.90000030fps.mp4,Capsulorhexis,2
C:\Users\kit02\GitHub\Cataract-1K\Phase_recognition_dataset\Training_Dataset\Capsulorhexis\case_5011_Capsulorhexis_0_00_32.549216-0_01_04.94828230fps.mp4,Capsulorhexis,2
C:\Users\kit02\GitHub\Cataract-1K\Phase_recognition_dataset\Training_Dataset\Capsulorhexis\case_5013_Capsulorhexis_0_00_27.477477-0_01_12.70603930fps.mp4,Capsulorhexis,2
C:\Users\kit02\GitHub\Cataract-1K\Phase_recognition_dataset\Training_Dataset\Capsulorhexis\case_5014_Capsulorhexis_0_00_31.750000-0_00_57.88333330fps.mp4,Capsulorhexis,2
C:\Users\kit02\GitHub\Cataract-1K\Phase_recognition_dataset\Training_Dataset\Capsulorhexis\case_5015_Capsulorhexis_0_00_24.183333-0_00_52.73333330fps.mp4,Capsulorhexis,2
C:\Users\kit02\GitHub\Cataract-1K\Phase_recognition_dataset\Training_Dataset\Capsulorhexis\case_5016_Capsulorhexis_0_00_29.900000-0_00_55.18333330fps.mp4,Capsulorhexis,2
C:\Users\kit02\GitHub\Cataract-1K\Phase_recognition_dataset\Training_Dataset\Capsulorhexis\case_5017_Capsulorhexis_0_00_26.316667-0_00_43.85000030fps.mp4,Capsulorhexis,2
C:\Users\kit02\GitHub\Cataract-1K\Phase_recognition_dataset\Training_Dataset\Capsulorhexis\case_5032_Capsulorhexis_0_00_21.450000-0_00_37.58333330fps.mp4,Capsulorhexis,2
C:\Users\kit02\GitHub\Cataract-1K\Phase_recognition_dataset\Training_Dataset\Capsulorhexis\case_5051_Capsulorhexis_0_00_21.705038-0_00_52.70270330fps.mp4,Capsulorhexis,2
C:\Users\kit02\GitHub\Cataract-1K\Phase_recognition_dataset\Training_Dataset\Capsulorhexis\case_5057_Capsulorhexis_0_00_24.016667-0_01_04.20000030fps.mp4,Capsulorhexis,2
C:\Users\kit02\GitHub\Cataract-1K\Phase_recognition_dataset\Training_Dataset\Capsulorhexis\case_5058_Capsulorhexis_0_00_27.200000-0_01_01.28333330fps.mp4,Capsulorhexis,2
C:\Users\kit02\GitHub\Cataract-1K\Phase_recognition_dataset\Training_Dataset\Capsulorhexis\case_5063_Capsulorhexis_0_00_22.250000-0_00_50.28333330fps.mp4,Capsulorhexis,2
C:\Users\kit02\GitHub\Cataract-1K\Phase_recognition_dataset\Training_Dataset\Capsulorhexis\case_5072_Capsulorhexis_0_00_18.201535-0_00_40.02335730fps.mp4,Capsulorhexis,2
C:\Users\kit02\GitHub\Cataract-1K\Phase_recognition_dataset\Training_Dataset\Capsulorhexis\case_5104_Capsulorhexis_0_01_06.866667-0_02_41.13333330fps.mp4,Capsulorhexis,2
C:\Users\kit02\GitHub\Cataract-1K\Phase_recognition_dataset\Training_Dataset\Capsulorhexis\case_5261_Capsulorhexis_0_00_38-0_00_57.33333330fps.mp4,Capsulorhexis,2
C:\Users\kit02\GitHub\Cataract-1K\Phase_recognition_dataset\Training_Dataset\Capsulorhexis\case_5300_Capsulorhexis_0_00_25.950000-0_00_52.83333330fps.mp4,Capsulorhexis,2
C:\Users\kit02\GitHub\Cataract-1K\Phase_recognition_dataset\Training_Dataset\Capsulorhexis\case_5301_Capsulorhexis_0_00_20.520521-0_00_42.89289330fps.mp4,Capsulorhexis,2
C:\Users\kit02\GitHub\Cataract-1K\Phase_recognition_dataset\Training_Dataset\Capsulorhexis\case_5303_Capsulorhexis_0_00_27.110444-0_00_55.32198930fps.mp4,Capsulorhexis,2
C:\Users\kit02\GitHub\Cataract-1K\Phase_recognition_dataset\Training_Dataset\Capsulorhexis\case_5304_Capsulorhexis_0_00_18.450000-0_00_45.53333330fps.mp4,Capsulorhexis,2
C:\Users\kit02\GitHub\Cataract-1K\Phase_recognition_dataset\Training_Dataset\Capsulorhexis\case_5305_Capsulorhexis_0_00_24.674675-0_00_53.33667030fps.mp4,Capsulorhexis,2
C:\Users\kit02\GitHub\Cataract-1K\Phase_recognition_dataset\Training_Dataset\Capsulorhexis\case_5309_Capsulorhexis_0_00_22.605939-0_00_50.63396730fps.mp4,Capsulorhexis,2
C:\Users\kit02\GitHub\Cataract-1K\Phase_recognition_dataset\Training_Dataset\Capsulorhexis\case_5311_Capsulorhexis_0_00_41.850000-0_01_25.80000030fps.mp4,Capsulorhexis,2
C:\Users\kit02\GitHub\Cataract-1K\Phase_recognition_dataset\Training_Dataset\Capsulorhexis\case_5314_Capsulorhexis_0_00_13.900000-0_00_44.08333330fps.mp4,Capsulorhexis,2
C:\Users\kit02\GitHub\Cataract-1K\Phase_recognition_dataset\Training_Dataset\Capsulorhexis\case_5315_Capsulorhexis_0_00_20.120120-0_00_44.86152830fps.mp4,Capsulorhexis,2
C:\Users\kit02\GitHub\Cataract-1K\Phase_recognition_dataset\Training_Dataset\Capsulorhexis\case_5316_Capsulorhexis_0_00_24.550000-0_00_58.25000030fps.mp4,Capsulorhexis,2
C:\Users\kit02\GitHub\Cataract-1K\Phase_recognition_dataset\Training_Dataset\Capsulorhexis\case_5317_Capsulorhexis_0_00_20.916667-0_00_45.88333330fps.mp4,Capsulorhexis,2
C:\Users\kit02\GitHub\Cataract-1K\Phase_recognition_dataset\Training_Dataset\Capsulorhexis\case_5319_Capsulorhexis_0_01_00.150000-0_01_4130fps.mp4,Capsulorhexis,2
C:\Users\kit02\GitHub\Cataract-1K\Phase_recognition_dataset\Training_Dataset\Capsulorhexis\case_5329_Capsulorhexis_0_00_25.191859-0_00_54.18752130fps.mp4,Capsulorhexis,2
C:\Users\kit02\GitHub\Cataract-1K\Phase_recognition_dataset\Training_Dataset\Capsulorhexis\case_5331_Capsulorhexis_0_00_22.550000-0_00_48.15000030fps.mp4,Capsulorhexis,2
C:\Users\kit02\GitHub\Cataract-1K\Phase_recognition_dataset\Training_Dataset\Capsulorhexis\case_5334_Capsulorhexis_0_00_23.540207-0_00_59.24257630fps.mp4,Capsulorhexis,2
C:\Users\kit02\GitHub\Cataract-1K\Phase_recognition_dataset\Training_Dataset\Capsulorhexis\case_5335_Capsulorhexis_0_00_30.316667-0_01_17.50000030fps.mp4,Capsulorhexis,2
C:\Users\kit02\GitHub\Cataract-1K\Phase_recognition_dataset\Training_Dataset\Capsulorhexis\case_5340_Capsulorhexis_0_00_25.225225-0_00_56.67334030fps.mp4,Capsulorhexis,2
C:\Users\kit02\GitHub\Cataract-1K\Phase_recognition_dataset\Training_Dataset\Hydrodissection\case_4687_Hydrodissection_0_01_07.717718-0_01_17.89456130fps.mp4,Hydrodissection,3
C:\Users\kit02\GitHub\Cataract-1K\Phase_recognition_dataset\Training_Dataset\Hydrodissection\case_4693_Hydrodissection_0_00_53.470137-0_01_16.64331030fps.mp4,Hydrodissection,3
C:\Users\kit02\GitHub\Cataract-1K\Phase_recognition_dataset\Training_Dataset\Hydrodissection\case_4695_Hydrodissection_0_01_05.766667-0_01_18.70000030fps.mp4,Hydrodissection,3
C:\Users\kit02\GitHub\Cataract-1K\Phase_recognition_dataset\Training_Dataset\Hydrodissection\case_4697_Hydrodissection_0_01_02.300000-0_01_14.20000030fps.mp4,Hydrodissection,3
C:\Users\kit02\GitHub\Cataract-1K\Phase_recognition_dataset\Training_Dataset\Hydrodissection\case_4709_Hydrodissection_0_01_24.150000-0_01_37.93333330fps.mp4,Hydrodissection,3
C:\Users\kit02\GitHub\Cataract-1K\Phase_recognition_dataset\Training_Dataset\Hydrodissection\case_4750_Hydrodissection_0_00_42.416667-0_00_59.48333330fps.mp4,Hydrodissection,3
C:\Users\kit02\GitHub\Cataract-1K\Phase_recognition_dataset\Training_Dataset\Hydrodissection\case_4811_Hydrodissection_0_01_00.960961-0_01_14.00734130fps.mp4,Hydrodissection,3
C:\Users\kit02\GitHub\Cataract-1K\Phase_recognition_dataset\Training_Dataset\Hydrodissection\case_4816_Hydrodissection_0_00_51.400000-0_00_58.93333330fps.mp4,Hydrodissection,3
C:\Users\kit02\GitHub\Cataract-1K\Phase_recognition_dataset\Training_Dataset\Hydrodissection\case_4816_Hydrodissection_0_00_59.450000-0_01_16.93333330fps.mp4,Hydrodissection,3
C:\Users\kit02\GitHub\Cataract-1K\Phase_recognition_dataset\Training_Dataset\Hydrodissection\case_4852_Hydrodissection_0_01_54.347681-0_02_24.44444430fps.mp4,Hydrodissection,3
C:\Users\kit02\GitHub\Cataract-1K\Phase_recognition_dataset\Training_Dataset\Hydrodissection\case_4859_Hydrodissection_0_01_04.850000-0_01_57.38333330fps.mp4,Hydrodissection,3
C:\Users\kit02\GitHub\Cataract-1K\Phase_recognition_dataset\Training_Dataset\Hydrodissection\case_4863_Hydrodissection_0_00_51.083333-0_01_17.65000030fps.mp4,Hydrodissection,3
C:\Users\kit02\GitHub\Cataract-1K\Phase_recognition_dataset\Training_Dataset\Hydrodissection\case_4864_Hydrodissection_0_01_26.150000-0_02_07.88333330fps.mp4,Hydrodissection,3
C:\Users\kit02\GitHub\Cataract-1K\Phase_recognition_dataset\Training_Dataset\Hydrodissection\case_4874_Hydrodissection_0_01_17.216667-0_01_25.13333330fps.mp4,Hydrodissection,3
C:\Users\kit02\GitHub\Cataract-1K\Phase_recognition_dataset\Training_Dataset\Hydrodissection\case_4874_Hydrodissection_0_01_25.650000-0_01_44.78333330fps.mp4,Hydrodissection,3
C:\Users\kit02\GitHub\Cataract-1K\Phase_recognition_dataset\Training_Dataset\Hydrodissection\case_4888_Hydrodissection_0_00_36.619953-0_00_55.03837230fps.mp4,Hydrodissection,3
C:\Users\kit02\GitHub\Cataract-1K\Phase_recognition_dataset\Training_Dataset\Hydrodissection\case_4899_Hydrodissection_0_01_07.116667-0_01_39.83333330fps.mp4,Hydrodissection,3
C:\Users\kit02\GitHub\Cataract-1K\Phase_recognition_dataset\Training_Dataset\Hydrodissection\case_4899_Hydrodissection_0_01_41.450000-0_02_03.43333330fps.mp4,Hydrodissection,3
C:\Users\kit02\GitHub\Cataract-1K\Phase_recognition_dataset\Training_Dataset\Hydrodissection\case_4906_Hydrodissection_0_01_22.916667-0_01_38.20000030fps.mp4,Hydrodissection,3
C:\Users\kit02\GitHub\Cataract-1K\Phase_recognition_dataset\Training_Dataset\Hydrodissection\case_4923_Hydrodissection_0_00_59.816667-0_01_31.05000030fps.mp4,Hydrodissection,3
C:\Users\kit02\GitHub\Cataract-1K\Phase_recognition_dataset\Training_Dataset\Hydrodissection\case_4923_Hydrodissection_0_01_33.700000-0_02_00.23333330fps.mp4,Hydrodissection,3
C:\Users\kit02\GitHub\Cataract-1K\Phase_recognition_dataset\Training_Dataset\Hydrodissection\case_4924_Hydrodissection_0_01_03.916667-0_01_38.30000030fps.mp4,Hydrodissection,3
C:\Users\kit02\GitHub\Cataract-1K\Phase_recognition_dataset\Training_Dataset\Hydrodissection\case_4927_Hydrodissection_0_01_29.339339-0_01_52.51251330fps.mp4,Hydrodissection,3
C:\Users\kit02\GitHub\Cataract-1K\Phase_recognition_dataset\Training_Dataset\Hydrodissection\case_4927_Hydrodissection_0_01_58.918919-0_02_31.45145130fps.mp4,Hydrodissection,3
C:\Users\kit02\GitHub\Cataract-1K\Phase_recognition_dataset\Training_Dataset\Hydrodissection\case_4939_Hydrodissection_0_01_03.100000-0_01_24.40000030fps.mp4,Hydrodissection,3
C:\Users\kit02\GitHub\Cataract-1K\Phase_recognition_dataset\Training_Dataset\Hydrodissection\case_4999_Hydrodissection_0_00_59.542876-0_01_13.35669030fps.mp4,Hydrodissection,3
C:\Users\kit02\GitHub\Cataract-1K\Phase_recognition_dataset\Training_Dataset\Hydrodissection\case_5004_Hydrodissection_0_01_13.600000-0_01_44.50000030fps.mp4,Hydrodissection,3
C:\Users\kit02\GitHub\Cataract-1K\Phase_recognition_dataset\Training_Dataset\Hydrodissection\case_5006_Hydrodissection_0_01_07-0_01_25.95000030fps.mp4,Hydrodissection,3
C:\Users\kit02\GitHub\Cataract-1K\Phase_recognition_dataset\Training_Dataset\Hydrodissection\case_5011_Hydrodissection_0_01_07.167167-0_01_26.75342030fps.mp4,Hydrodissection,3
C:\Users\kit02\GitHub\Cataract-1K\Phase_recognition_dataset\Training_Dataset\Hydrodissection\case_5013_Hydrodissection_0_01_14.924925-0_01_27.12045430fps.mp4,Hydrodissection,3
C:\Users\kit02\GitHub\Cataract-1K\Phase_recognition_dataset\Training_Dataset\Hydrodissection\case_5014_Hydrodissection_0_01_00.850000-0_01_11.48333330fps.mp4,Hydrodissection,3
C:\Users\kit02\GitHub\Cataract-1K\Phase_recognition_dataset\Training_Dataset\Hydrodissection\case_5015_Hydrodissection_0_00_54.866667-0_01_07.48333330fps.mp4,Hydrodissection,3
C:\Users\kit02\GitHub\Cataract-1K\Phase_recognition_dataset\Training_Dataset\Hydrodissection\case_5016_Hydrodissection_0_00_57.800000-0_01_23.43333330fps.mp4,Hydrodissection,3
C:\Users\kit02\GitHub\Cataract-1K\Phase_recognition_dataset\Training_Dataset\Hydrodissection\case_5017_Hydrodissection_0_00_46.400000-0_01_04.63333330fps.mp4,Hydrodissection,3
C:\Users\kit02\GitHub\Cataract-1K\Phase_recognition_dataset\Training_Dataset\Hydrodissection\case_5032_Hydrodissection_0_00_39.950000-0_00_50.88333330fps.mp4,Hydrodissection,3
C:\Users\kit02\GitHub\Cataract-1K\Phase_recognition_dataset\Training_Dataset\Hydrodissection\case_5051_Hydrodissection_0_00_55.588922-0_01_16.09275930fps.mp4,Hydrodissection,3
C:\Users\kit02\GitHub\Cataract-1K\Phase_recognition_dataset\Training_Dataset\Hydrodissection\case_5057_Hydrodissection_0_01_07.700000-0_01_27.88333330fps.mp4,Hydrodissection,3
C:\Users\kit02\GitHub\Cataract-1K\Phase_recognition_dataset\Training_Dataset\Hydrodissection\case_5058_Hydrodissection_0_01_03.683333-0_01_20.13333330fps.mp4,Hydrodissection,3
C:\Users\kit02\GitHub\Cataract-1K\Phase_recognition_dataset\Training_Dataset\Hydrodissection\case_5063_Hydrodissection_0_00_53.216667-0_01_06.13333330fps.mp4,Hydrodissection,3
C:\Users\kit02\GitHub\Cataract-1K\Phase_recognition_dataset\Training_Dataset\Hydrodissection\case_5072_Hydrodissection_0_00_42.158825-0_01_03.01301330fps.mp4,Hydrodissection,3
C:\Users\kit02\GitHub\Cataract-1K\Phase_recognition_dataset\Training_Dataset\Hydrodissection\case_5104_Hydrodissection_0_02_44.400000-0_03_45.43333330fps.mp4,Hydrodissection,3
C:\Users\kit02\GitHub\Cataract-1K\Phase_recognition_dataset\Training_Dataset\Hydrodissection\case_5104_Hydrodissection_0_03_49.100000-0_04_03.48333330fps.mp4,Hydrodissection,3
C:\Users\kit02\GitHub\Cataract-1K\Phase_recognition_dataset\Training_Dataset\Hydrodissection\case_5261_Hydrodissection_0_00_59.650000-0_01_09.10000030fps.mp4,Hydrodissection,3
C:\Users\kit02\GitHub\Cataract-1K\Phase_recognition_dataset\Training_Dataset\Hydrodissection\case_5300_Hydrodissection_0_00_55.800000-0_01_14.88333330fps.mp4,Hydrodissection,3
C:\Users\kit02\GitHub\Cataract-1K\Phase_recognition_dataset\Training_Dataset\Hydrodissection\case_5301_Hydrodissection_0_00_44.861528-0_00_55.67233930fps.mp4,Hydrodissection,3
C:\Users\kit02\GitHub\Cataract-1K\Phase_recognition_dataset\Training_Dataset\Hydrodissection\case_5303_Hydrodissection_0_00_57.991325-0_01_11.00433830fps.mp4,Hydrodissection,3
C:\Users\kit02\GitHub\Cataract-1K\Phase_recognition_dataset\Training_Dataset\Hydrodissection\case_5304_Hydrodissection_0_00_48.700000-0_01_03.55000030fps.mp4,Hydrodissection,3
C:\Users\kit02\GitHub\Cataract-1K\Phase_recognition_dataset\Training_Dataset\Hydrodissection\case_5305_Hydrodissection_0_00_55.972639-0_01_04.68134830fps.mp4,Hydrodissection,3
C:\Users\kit02\GitHub\Cataract-1K\Phase_recognition_dataset\Training_Dataset\Hydrodissection\case_5309_Hydrodissection_0_00_52.819486-0_01_08.18485230fps.mp4,Hydrodissection,3
C:\Users\kit02\GitHub\Cataract-1K\Phase_recognition_dataset\Training_Dataset\Hydrodissection\case_5311_Hydrodissection_0_01_28.750000-0_01_59.23333330fps.mp4,Hydrodissection,3
C:\Users\kit02\GitHub\Cataract-1K\Phase_recognition_dataset\Training_Dataset\Hydrodissection\case_5311_Hydrodissection_0_02_06.400000-0_02_12.03333330fps.mp4,Hydrodissection,3
C:\Users\kit02\GitHub\Cataract-1K\Phase_recognition_dataset\Training_Dataset\Hydrodissection\case_5314_Hydrodissection_0_00_46.950000-0_00_55.18333330fps.mp4,Hydrodissection,3
C:\Users\kit02\GitHub\Cataract-1K\Phase_recognition_dataset\Training_Dataset\Hydrodissection\case_5315_Hydrodissection_0_00_46.796797-0_00_59.10910930fps.mp4,Hydrodissection,3
C:\Users\kit02\GitHub\Cataract-1K\Phase_recognition_dataset\Training_Dataset\Hydrodissection\case_5316_Hydrodissection_0_01_03.600000-0_01_22.08333330fps.mp4,Hydrodissection,3
C:\Users\kit02\GitHub\Cataract-1K\Phase_recognition_dataset\Training_Dataset\Hydrodissection\case_5317_Hydrodissection_0_00_48.250000-0_01_07.10000030fps.mp4,Hydrodissection,3
C:\Users\kit02\GitHub\Cataract-1K\Phase_recognition_dataset\Training_Dataset\Hydrodissection\case_5319_Hydrodissection_0_01_53.350000-0_02_22.70000030fps.mp4,Hydrodissection,3
C:\Users\kit02\GitHub\Cataract-1K\Phase_recognition_dataset\Training_Dataset\Hydrodissection\case_5329_Hydrodissection_0_00_56.806807-0_01_11.02102130fps.mp4,Hydrodissection,3
C:\Users\kit02\GitHub\Cataract-1K\Phase_recognition_dataset\Training_Dataset\Hydrodissection\case_5331_Hydrodissection_0_00_51.316667-0_01_10.28333330fps.mp4,Hydrodissection,3
C:\Users\kit02\GitHub\Cataract-1K\Phase_recognition_dataset\Training_Dataset\Hydrodissection\case_5334_Hydrodissection_0_01_01.561562-0_01_18.07807830fps.mp4,Hydrodissection,3
C:\Users\kit02\GitHub\Cataract-1K\Phase_recognition_dataset\Training_Dataset\Hydrodissection\case_5335_Hydrodissection_0_01_19.300000-0_01_32.85000030fps.mp4,Hydrodissection,3
C:\Users\kit02\GitHub\Cataract-1K\Phase_recognition_dataset\Training_Dataset\Hydrodissection\case_5340_Hydrodissection_0_01_03.496830-0_01_16.10944330fps.mp4,Hydrodissection,3
C:\Users\kit02\GitHub\Cataract-1K\Phase_recognition_dataset\Training_Dataset\Phacoemulsification\case_4687_Phacoemulsification_0_01_23.249917-0_02_10.13013030fps.mp4,Phacoemulsification,4
C:\Users\kit02\GitHub\Cataract-1K\Phase_recognition_dataset\Training_Dataset\Phacoemulsification\case_4693_Phacoemulsification_0_01_18.078078-0_02_41.22789530fps.mp4,Phacoemulsification,4
C:\Users\kit02\GitHub\Cataract-1K\Phase_recognition_dataset\Training_Dataset\Phacoemulsification\case_4695_Phacoemulsification_0_01_21.766667-0_03_10.03333330fps.mp4,Phacoemulsification,4
C:\Users\kit02\GitHub\Cataract-1K\Phase_recognition_dataset\Training_Dataset\Phacoemulsification\case_4697_Phacoemulsification_0_01_18.450000-0_02_08.26666730fps.mp4,Phacoemulsification,4
C:\Users\kit02\GitHub\Cataract-1K\Phase_recognition_dataset\Training_Dataset\Phacoemulsification\case_4709_Phacoemulsification_0_01_41.200000-0_04_36.30000030fps.mp4,Phacoemulsification,4
C:\Users\kit02\GitHub\Cataract-1K\Phase_recognition_dataset\Training_Dataset\Phacoemulsification\case_4750_Phacoemulsification_0_01_09.566667-0_03_09.48333330fps.mp4,Phacoemulsification,4
C:\Users\kit02\GitHub\Cataract-1K\Phase_recognition_dataset\Training_Dataset\Phacoemulsification\case_4811_Phacoemulsification_0_01_17.160494-0_03_24.73807130fps.mp4,Phacoemulsification,4
C:\Users\kit02\GitHub\Cataract-1K\Phase_recognition_dataset\Training_Dataset\Phacoemulsification\case_4816_Phacoemulsification_0_01_21.600000-0_02_53.10000030fps.mp4,Phacoemulsification,4
C:\Users\kit02\GitHub\Cataract-1K\Phase_recognition_dataset\Training_Dataset\Phacoemulsification\case_4852_Phacoemulsification_0_02_29.566233-0_05_44.49449430fps.mp4,Phacoemulsification,4
C:\Users\kit02\GitHub\Cataract-1K\Phase_recognition_dataset\Training_Dataset\Phacoemulsification\case_4859_Phacoemulsification_0_02_02.166667-0_06_36.78333330fps.mp4,Phacoemulsification,4
C:\Users\kit02\GitHub\Cataract-1K\Phase_recognition_dataset\Training_Dataset\Phacoemulsification\case_4863_Phacoemulsification_0_01_20.416667-0_04_14.95000030fps.mp4,Phacoemulsification,4
C:\Users\kit02\GitHub\Cataract-1K\Phase_recognition_dataset\Training_Dataset\Phacoemulsification\case_4864_Phacoemulsification_0_02_10.466667-0_05_01.75000030fps.mp4,Phacoemulsification,4
C:\Users\kit02\GitHub\Cataract-1K\Phase_recognition_dataset\Training_Dataset\Phacoemulsification\case_4874_Phacoemulsification_0_01_48.416667-0_03_02.03333330fps.mp4,Phacoemulsification,4
C:\Users\kit02\GitHub\Cataract-1K\Phase_recognition_dataset\Training_Dataset\Phacoemulsification\case_4888_Phacoemulsification_0_01_01.578245-0_02_12.59926630fps.mp4,Phacoemulsification,4
C:\Users\kit02\GitHub\Cataract-1K\Phase_recognition_dataset\Training_Dataset\Phacoemulsification\case_4899_Phacoemulsification_0_02_08.216667-0_03_32.75000030fps.mp4,Phacoemulsification,4
C:\Users\kit02\GitHub\Cataract-1K\Phase_recognition_dataset\Training_Dataset\Phacoemulsification\case_4906_Phacoemulsification_0_01_41.200000-0_03_23.20000030fps.mp4,Phacoemulsification,4
C:\Users\kit02\GitHub\Cataract-1K\Phase_recognition_dataset\Training_Dataset\Phacoemulsification\case_4923_Phacoemulsification_0_02_05.050000-0_05_14.28333330fps.mp4,Phacoemulsification,4
C:\Users\kit02\GitHub\Cataract-1K\Phase_recognition_dataset\Training_Dataset\Phacoemulsification\case_4924_Phacoemulsification_0_01_40.566667-0_04_05.95000030fps.mp4,Phacoemulsification,4
C:\Users\kit02\GitHub\Cataract-1K\Phase_recognition_dataset\Training_Dataset\Phacoemulsification\case_4927_Phacoemulsification_0_02_34.888222-0_06_12.80613930fps.mp4,Phacoemulsification,4
C:\Users\kit02\GitHub\Cataract-1K\Phase_recognition_dataset\Training_Dataset\Phacoemulsification\case_4939_Phacoemulsification_0_01_27.750000-0_02_33.86666730fps.mp4,Phacoemulsification,4
C:\Users\kit02\GitHub\Cataract-1K\Phase_recognition_dataset\Training_Dataset\Phacoemulsification\case_4999_Phacoemulsification_0_01_17.360694-0_03_40.53720430fps.mp4,Phacoemulsification,4
C:\Users\kit02\GitHub\Cataract-1K\Phase_recognition_dataset\Training_Dataset\Phacoemulsification\case_5004_Phacoemulsification_0_01_47.750000-0_03_04.08333330fps.mp4,Phacoemulsification,4
C:\Users\kit02\GitHub\Cataract-1K\Phase_recognition_dataset\Training_Dataset\Phacoemulsification\case_5006_Phacoemulsification_0_01_29.150000-0_02_46.48333330fps.mp4,Phacoemulsification,4
C:\Users\kit02\GitHub\Cataract-1K\Phase_recognition_dataset\Training_Dataset\Phacoemulsification\case_5011_Phacoemulsification_0_01_30.840841-0_03_15.72906230fps.mp4,Phacoemulsification,4
C:\Users\kit02\GitHub\Cataract-1K\Phase_recognition_dataset\Training_Dataset\Phacoemulsification\case_5013_Phacoemulsification_0_01_31.808475-0_03_01.39806530fps.mp4,Phacoemulsification,4
C:\Users\kit02\GitHub\Cataract-1K\Phase_recognition_dataset\Training_Dataset\Phacoemulsification\case_5014_Phacoemulsification_0_01_17.866667-0_03_26.61666730fps.mp4,Phacoemulsification,4
C:\Users\kit02\GitHub\Cataract-1K\Phase_recognition_dataset\Training_Dataset\Phacoemulsification\case_5015_Phacoemulsification_0_01_12.200000-0_02_45.25000030fps.mp4,Phacoemulsification,4
C:\Users\kit02\GitHub\Cataract-1K\Phase_recognition_dataset\Training_Dataset\Phacoemulsification\case_5016_Phacoemulsification_0_01_29.250000-0_02_59.13333330fps.mp4,Phacoemulsification,4
C:\Users\kit02\GitHub\Cataract-1K\Phase_recognition_dataset\Training_Dataset\Phacoemulsification\case_5017_Phacoemulsification_0_01_11.700000-0_02_57.78333330fps.mp4,Phacoemulsification,4
C:\Users\kit02\GitHub\Cataract-1K\Phase_recognition_dataset\Training_Dataset\Phacoemulsification\case_5032_Phacoemulsification_0_00_54.566667-0_01_54.71666730fps.mp4,Phacoemulsification,4
C:\Users\kit02\GitHub\Cataract-1K\Phase_recognition_dataset\Training_Dataset\Phacoemulsification\case_5051_Phacoemulsification_0_01_19.129129-0_02_28.94894930fps.mp4,Phacoemulsification,4
C:\Users\kit02\GitHub\Cataract-1K\Phase_recognition_dataset\Training_Dataset\Phacoemulsification\case_5057_Phacoemulsification_0_01_36.100000-0_03_14.58333330fps.mp4,Phacoemulsification,4
C:\Users\kit02\GitHub\Cataract-1K\Phase_recognition_dataset\Training_Dataset\Phacoemulsification\case_5058_Phacoemulsification_0_01_24.800000-0_02_48.98333330fps.mp4,Phacoemulsification,4
C:\Users\kit02\GitHub\Cataract-1K\Phase_recognition_dataset\Training_Dataset\Phacoemulsification\case_5063_Phacoemulsification_0_01_14.816667-0_02_17.95000030fps.mp4,Phacoemulsification,4
C:\Users\kit02\GitHub\Cataract-1K\Phase_recognition_dataset\Training_Dataset\Phacoemulsification\case_5072_Phacoemulsification_0_01_12.522523-0_02_50.27027030fps.mp4,Phacoemulsification,4
C:\Users\kit02\GitHub\Cataract-1K\Phase_recognition_dataset\Training_Dataset\Phacoemulsification\case_5104_Phacoemulsification_0_04_10.216667-0_08_32.20000030fps.mp4,Phacoemulsification,4
C:\Users\kit02\GitHub\Cataract-1K\Phase_recognition_dataset\Training_Dataset\Phacoemulsification\case_5261_Phacoemulsification_0_01_13.466667-0_02_29.83333330fps.mp4,Phacoemulsification,4
C:\Users\kit02\GitHub\Cataract-1K\Phase_recognition_dataset\Training_Dataset\Phacoemulsification\case_5300_Phacoemulsification_0_01_18.750000-0_02_44.56666730fps.mp4,Phacoemulsification,4
C:\Users\kit02\GitHub\Cataract-1K\Phase_recognition_dataset\Training_Dataset\Phacoemulsification\case_5301_Phacoemulsification_0_00_59.259259-0_02_08.31164530fps.mp4,Phacoemulsification,4
C:\Users\kit02\GitHub\Cataract-1K\Phase_recognition_dataset\Training_Dataset\Phacoemulsification\case_5303_Phacoemulsification_0_01_14.441108-0_02_19.15582230fps.mp4,Phacoemulsification,4
C:\Users\kit02\GitHub\Cataract-1K\Phase_recognition_dataset\Training_Dataset\Phacoemulsification\case_5304_Phacoemulsification_0_01_07.800000-0_02_12.83333330fps.mp4,Phacoemulsification,4
C:\Users\kit02\GitHub\Cataract-1K\Phase_recognition_dataset\Training_Dataset\Phacoemulsification\case_5305_Phacoemulsification_0_01_08.702035-0_02_12.48248230fps.mp4,Phacoemulsification,4
C:\Users\kit02\GitHub\Cataract-1K\Phase_recognition_dataset\Training_Dataset\Phacoemulsification\case_5309_Phacoemulsification_0_01_11.888555-0_02_42.56256330fps.mp4,Phacoemulsification,4
C:\Users\kit02\GitHub\Cataract-1K\Phase_recognition_dataset\Training_Dataset\Phacoemulsification\case_5311_Phacoemulsification_0_02_16.850000-0_04_09.23333330fps.mp4,Phacoemulsification,4
C:\Users\kit02\GitHub\Cataract-1K\Phase_recognition_dataset\Training_Dataset\Phacoemulsification\case_5314_Phacoemulsification_0_00_58.550000-0_02_12.63333330fps.mp4,Phacoemulsification,4
C:\Users\kit02\GitHub\Cataract-1K\Phase_recognition_dataset\Training_Dataset\Phacoemulsification\case_5315_Phacoemulsification_0_01_17.861195-0_02_30.25025030fps.mp4,Phacoemulsification,4
C:\Users\kit02\GitHub\Cataract-1K\Phase_recognition_dataset\Training_Dataset\Phacoemulsification\case_5316_Phacoemulsification_0_01_25.400000-0_02_45.93333330fps.mp4,Phacoemulsification,4
C:\Users\kit02\GitHub\Cataract-1K\Phase_recognition_dataset\Training_Dataset\Phacoemulsification\case_5317_Phacoemulsification_0_01_10.350000-0_02_17.83333330fps.mp4,Phacoemulsification,4
C:\Users\kit02\GitHub\Cataract-1K\Phase_recognition_dataset\Training_Dataset\Phacoemulsification\case_5319_Phacoemulsification_0_02_52.700000-0_05_07.90000030fps.mp4,Phacoemulsification,4
C:\Users\kit02\GitHub\Cataract-1K\Phase_recognition_dataset\Training_Dataset\Phacoemulsification\case_5329_Phacoemulsification_0_01_17.127127-0_03_20.55055130fps.mp4,Phacoemulsification,4
C:\Users\kit02\GitHub\Cataract-1K\Phase_recognition_dataset\Training_Dataset\Phacoemulsification\case_5331_Phacoemulsification_0_01_13.750000-0_03_33.85000030fps.mp4,Phacoemulsification,4
C:\Users\kit02\GitHub\Cataract-1K\Phase_recognition_dataset\Training_Dataset\Phacoemulsification\case_5334_Phacoemulsification_0_01_25.301969-0_03_24.32098830fps.mp4,Phacoemulsification,4
C:\Users\kit02\GitHub\Cataract-1K\Phase_recognition_dataset\Training_Dataset\Phacoemulsification\case_5335_Phacoemulsification_0_01_43.016667-0_03_21.25000030fps.mp4,Phacoemulsification,4
C:\Users\kit02\GitHub\Cataract-1K\Phase_recognition_dataset\Training_Dataset\Phacoemulsification\case_5340_Phacoemulsification_0_01_19.179179-0_03_11.59159230fps.mp4,Phacoemulsification,4
C:\Users\kit02\GitHub\Cataract-1K\Phase_recognition_dataset\Training_Dataset\Irrigation_Aspiration\case_4687_Irrigation_Aspiration_0_02_19.155822-0_03_11.50817530fps.mp4,Irrigation_Aspiration,5
C:\Users\kit02\GitHub\Cataract-1K\Phase_recognition_dataset\Training_Dataset\Irrigation_Aspiration\case_4693_Irrigation_Aspiration_0_02_50.220220-0_03_08.87220630fps.mp4,Irrigation_Aspiration,5
C:\Users\kit02\GitHub\Cataract-1K\Phase_recognition_dataset\Training_Dataset\Irrigation_Aspiration\case_4695_Irrigation_Aspiration_0_03_20.200000-0_04_02.28333330fps.mp4,Irrigation_Aspiration,5
C:\Users\kit02\GitHub\Cataract-1K\Phase_recognition_dataset\Training_Dataset\Irrigation_Aspiration\case_4697_Irrigation_Aspiration_0_02_17.216667-0_02_42.25000030fps.mp4,Irrigation_Aspiration,5
C:\Users\kit02\GitHub\Cataract-1K\Phase_recognition_dataset\Training_Dataset\Irrigation_Aspiration\case_4709_Irrigation_Aspiration_0_04_42.616667-0_05_29.35000030fps.mp4,Irrigation_Aspiration,5
C:\Users\kit02\GitHub\Cataract-1K\Phase_recognition_dataset\Training_Dataset\Irrigation_Aspiration\case_4750_Irrigation_Aspiration_0_03_16.450000-0_03_42.75000030fps.mp4,Irrigation_Aspiration,5
C:\Users\kit02\GitHub\Cataract-1K\Phase_recognition_dataset\Training_Dataset\Irrigation_Aspiration\case_4811_Irrigation_Aspiration_0_03_32.128795-0_04_23.99733130fps.mp4,Irrigation_Aspiration,5
C:\Users\kit02\GitHub\Cataract-1K\Phase_recognition_dataset\Training_Dataset\Irrigation_Aspiration\case_4816_Irrigation_Aspiration_0_03_00.600000-0_03_32.23333330fps.mp4,Irrigation_Aspiration,5
C:\Users\kit02\GitHub\Cataract-1K\Phase_recognition_dataset\Training_Dataset\Irrigation_Aspiration\case_4852_Irrigation_Aspiration_0_05_53.119786-0_06_46.87354030fps.mp4,Irrigation_Aspiration,5
C:\Users\kit02\GitHub\Cataract-1K\Phase_recognition_dataset\Training_Dataset\Irrigation_Aspiration\case_4859_Irrigation_Aspiration_0_06_45.816667-0_07_35.48333330fps.mp4,Irrigation_Aspiration,5
C:\Users\kit02\GitHub\Cataract-1K\Phase_recognition_dataset\Training_Dataset\Irrigation_Aspiration\case_4863_Irrigation_Aspiration_0_04_23.150000-0_05_05.13333330fps.mp4,Irrigation_Aspiration,5
C:\Users\kit02\GitHub\Cataract-1K\Phase_recognition_dataset\Training_Dataset\Irrigation_Aspiration\case_4864_Irrigation_Aspiration_0_05_10.950000-0_06_02.13333330fps.mp4,Irrigation_Aspiration,5
C:\Users\kit02\GitHub\Cataract-1K\Phase_recognition_dataset\Training_Dataset\Irrigation_Aspiration\case_4874_Irrigation_Aspiration_0_03_10.300000-0_03_39.83333330fps.mp4,Irrigation_Aspiration,5
C:\Users\kit02\GitHub\Cataract-1K\Phase_recognition_dataset\Training_Dataset\Irrigation_Aspiration\case_4888_Irrigation_Aspiration_0_02_18.538539-0_03_10.90757430fps.mp4,Irrigation_Aspiration,5
C:\Users\kit02\GitHub\Cataract-1K\Phase_recognition_dataset\Training_Dataset\Irrigation_Aspiration\case_4899_Irrigation_Aspiration_0_03_41.950000-0_04_21.23333330fps.mp4,Irrigation_Aspiration,5
C:\Users\kit02\GitHub\Cataract-1K\Phase_recognition_dataset\Training_Dataset\Irrigation_Aspiration\case_4906_Irrigation_Aspiration_0_03_33.400000-0_04_23.53333330fps.mp4,Irrigation_Aspiration,5
C:\Users\kit02\GitHub\Cataract-1K\Phase_recognition_dataset\Training_Dataset\Irrigation_Aspiration\case_4923_Irrigation_Aspiration_0_05_26.166667-0_06_08.33333330fps.mp4,Irrigation_Aspiration,5
C:\Users\kit02\GitHub\Cataract-1K\Phase_recognition_dataset\Training_Dataset\Irrigation_Aspiration\case_4924_Irrigation_Aspiration_0_04_12.800000-0_05_23.48333330fps.mp4,Irrigation_Aspiration,5
C:\Users\kit02\GitHub\Cataract-1K\Phase_recognition_dataset\Training_Dataset\Irrigation_Aspiration\case_4927_Irrigation_Aspiration_0_06_25.669002-0_07_28.63196530fps.mp4,Irrigation_Aspiration,5
C:\Users\kit02\GitHub\Cataract-1K\Phase_recognition_dataset\Training_Dataset\Irrigation_Aspiration\case_4939_Irrigation_Aspiration_0_02_42.400000-0_03_34.76666730fps.mp4,Irrigation_Aspiration,5
C:\Users\kit02\GitHub\Cataract-1K\Phase_recognition_dataset\Training_Dataset\Irrigation_Aspiration\case_4999_Irrigation_Aspiration_0_03_47.911245-0_04_22.51251330fps.mp4,Irrigation_Aspiration,5
C:\Users\kit02\GitHub\Cataract-1K\Phase_recognition_dataset\Training_Dataset\Irrigation_Aspiration\case_5004_Irrigation_Aspiration_0_03_10.400000-0_04_05.13333330fps.mp4,Irrigation_Aspiration,5
C:\Users\kit02\GitHub\Cataract-1K\Phase_recognition_dataset\Training_Dataset\Irrigation_Aspiration\case_5006_Irrigation_Aspiration_0_02_54.100000-0_04_02.65000030fps.mp4,Irrigation_Aspiration,5
C:\Users\kit02\GitHub\Cataract-1K\Phase_recognition_dataset\Training_Dataset\Irrigation_Aspiration\case_5011_Irrigation_Aspiration_0_03_27.207207-0_04_14.58792130fps.mp4,Irrigation_Aspiration,5
C:\Users\kit02\GitHub\Cataract-1K\Phase_recognition_dataset\Training_Dataset\Irrigation_Aspiration\case_5013_Irrigation_Aspiration_0_03_13.843844-0_04_09.29929930fps.mp4,Irrigation_Aspiration,5
C:\Users\kit02\GitHub\Cataract-1K\Phase_recognition_dataset\Training_Dataset\Irrigation_Aspiration\case_5014_Irrigation_Aspiration_0_03_36.050000-0_05_06.13333330fps.mp4,Irrigation_Aspiration,5
C:\Users\kit02\GitHub\Cataract-1K\Phase_recognition_dataset\Training_Dataset\Irrigation_Aspiration\case_5015_Irrigation_Aspiration_0_02_53.316667-0_03_38.20000030fps.mp4,Irrigation_Aspiration,5
C:\Users\kit02\GitHub\Cataract-1K\Phase_recognition_dataset\Training_Dataset\Irrigation_Aspiration\case_5016_Irrigation_Aspiration_0_03_07.250000-0_03_46.43333330fps.mp4,Irrigation_Aspiration,5
C:\Users\kit02\GitHub\Cataract-1K\Phase_recognition_dataset\Training_Dataset\Irrigation_Aspiration\case_5017_Irrigation_Aspiration_0_03_04.600000-0_04_06.73333330fps.mp4,Irrigation_Aspiration,5
C:\Users\kit02\GitHub\Cataract-1K\Phase_recognition_dataset\Training_Dataset\Irrigation_Aspiration\case_5032_Irrigation_Aspiration_0_02_03.800000-0_03_12.43333330fps.mp4,Irrigation_Aspiration,5
C:\Users\kit02\GitHub\Cataract-1K\Phase_recognition_dataset\Training_Dataset\Irrigation_Aspiration\case_5051_Irrigation_Aspiration_0_02_36.740073-0_03_02.29896630fps.mp4,Irrigation_Aspiration,5
C:\Users\kit02\GitHub\Cataract-1K\Phase_recognition_dataset\Training_Dataset\Irrigation_Aspiration\case_5057_Irrigation_Aspiration_0_03_22.600000-0_03_56.08333330fps.mp4,Irrigation_Aspiration,5
C:\Users\kit02\GitHub\Cataract-1K\Phase_recognition_dataset\Training_Dataset\Irrigation_Aspiration\case_5058_Irrigation_Aspiration_0_03_00.116667-0_03_45.66666730fps.mp4,Irrigation_Aspiration,5
C:\Users\kit02\GitHub\Cataract-1K\Phase_recognition_dataset\Training_Dataset\Irrigation_Aspiration\case_5063_Irrigation_Aspiration_0_02_31.933333-0_03_20.08333330fps.mp4,Irrigation_Aspiration,5
C:\Users\kit02\GitHub\Cataract-1K\Phase_recognition_dataset\Training_Dataset\Irrigation_Aspiration\case_5072_Irrigation_Aspiration_0_02_58.111445-0_03_43.70704030fps.mp4,Irrigation_Aspiration,5
C:\Users\kit02\GitHub\Cataract-1K\Phase_recognition_dataset\Training_Dataset\Irrigation_Aspiration\case_5104_Irrigation_Aspiration_0_08_44.700000-0_11_36.23333330fps.mp4,Irrigation_Aspiration,5
C:\Users\kit02\GitHub\Cataract-1K\Phase_recognition_dataset\Training_Dataset\Irrigation_Aspiration\case_5261_Irrigation_Aspiration_0_02_37.500000-0_03_02.73333330fps.mp4,Irrigation_Aspiration,5
C:\Users\kit02\GitHub\Cataract-1K\Phase_recognition_dataset\Training_Dataset\Irrigation_Aspiration\case_5300_Irrigation_Aspiration_0_02_55.100000-0_03_21.23333330fps.mp4,Irrigation_Aspiration,5
C:\Users\kit02\GitHub\Cataract-1K\Phase_recognition_dataset\Training_Dataset\Irrigation_Aspiration\case_5301_Irrigation_Aspiration_0_02_15.418752-0_02_49.28595330fps.mp4,Irrigation_Aspiration,5
C:\Users\kit02\GitHub\Cataract-1K\Phase_recognition_dataset\Training_Dataset\Irrigation_Aspiration\case_5303_Irrigation_Aspiration_0_02_26.463130-0_02_51.85518930fps.mp4,Irrigation_Aspiration,5
C:\Users\kit02\GitHub\Cataract-1K\Phase_recognition_dataset\Training_Dataset\Irrigation_Aspiration\case_5304_Irrigation_Aspiration_0_02_19.400000-0_02_36.65000030fps.mp4,Irrigation_Aspiration,5
C:\Users\kit02\GitHub\Cataract-1K\Phase_recognition_dataset\Training_Dataset\Irrigation_Aspiration\case_5305_Irrigation_Aspiration_0_02_21.958625-0_02_40.69402730fps.mp4,Irrigation_Aspiration,5
C:\Users\kit02\GitHub\Cataract-1K\Phase_recognition_dataset\Training_Dataset\Irrigation_Aspiration\case_5309_Irrigation_Aspiration_0_02_49.869870-0_03_24.83817230fps.mp4,Irrigation_Aspiration,5
C:\Users\kit02\GitHub\Cataract-1K\Phase_recognition_dataset\Training_Dataset\Irrigation_Aspiration\case_5311_Irrigation_Aspiration_0_04_15.750000-0_04_47.38333330fps.mp4,Irrigation_Aspiration,5
C:\Users\kit02\GitHub\Cataract-1K\Phase_recognition_dataset\Training_Dataset\Irrigation_Aspiration\case_5314_Irrigation_Aspiration_0_02_19.616667-0_03_03.88333330fps.mp4,Irrigation_Aspiration,5
C:\Users\kit02\GitHub\Cataract-1K\Phase_recognition_dataset\Training_Dataset\Irrigation_Aspiration\case_5315_Irrigation_Aspiration_0_02_39.059059-0_03_2030fps.mp4,Irrigation_Aspiration,5
C:\Users\kit02\GitHub\Cataract-1K\Phase_recognition_dataset\Training_Dataset\Irrigation_Aspiration\case_5316_Irrigation_Aspiration_0_02_53.700000-0_03_35.98333330fps.mp4,Irrigation_Aspiration,5
C:\Users\kit02\GitHub\Cataract-1K\Phase_recognition_dataset\Training_Dataset\Irrigation_Aspiration\case_5317_Irrigation_Aspiration_0_02_28.200000-0_02_53.95000030fps.mp4,Irrigation_Aspiration,5
C:\Users\kit02\GitHub\Cataract-1K\Phase_recognition_dataset\Training_Dataset\Irrigation_Aspiration\case_5319_Irrigation_Aspiration_0_05_22.200000-0_06_43.05000030fps.mp4,Irrigation_Aspiration,5
C:\Users\kit02\GitHub\Cataract-1K\Phase_recognition_dataset\Training_Dataset\Irrigation_Aspiration\case_5329_Irrigation_Aspiration_0_03_29.426093-0_04_35.14180830fps.mp4,Irrigation_Aspiration,5
C:\Users\kit02\GitHub\Cataract-1K\Phase_recognition_dataset\Training_Dataset\Irrigation_Aspiration\case_5331_Irrigation_Aspiration_0_03_42.916667-0_04_28.28333330fps.mp4,Irrigation_Aspiration,5
C:\Users\kit02\GitHub\Cataract-1K\Phase_recognition_dataset\Training_Dataset\Irrigation_Aspiration\case_5334_Irrigation_Aspiration_0_03_33.947281-0_04_19.79312630fps.mp4,Irrigation_Aspiration,5
C:\Users\kit02\GitHub\Cataract-1K\Phase_recognition_dataset\Training_Dataset\Irrigation_Aspiration\case_5335_Irrigation_Aspiration_0_03_30.700000-0_04_13.38333330fps.mp4,Irrigation_Aspiration,5
C:\Users\kit02\GitHub\Cataract-1K\Phase_recognition_dataset\Training_Dataset\Irrigation_Aspiration\case_5340_Irrigation_Aspiration_0_03_18.748749-0_03_52.93293330fps.mp4,Irrigation_Aspiration,5
C:\Users\kit02\GitHub\Cataract-1K\Phase_recognition_dataset\Training_Dataset\CapsulePulishing\case_4687_CapsulePulishing_0_03_13.293293-0_03_18.33166530fps.mp4,CapsulePulishing,6
C:\Users\kit02\GitHub\Cataract-1K\Phase_recognition_dataset\Training_Dataset\CapsulePulishing\case_4695_CapsulePulishing_0_04_04.516667-0_04_10.50000030fps.mp4,CapsulePulishing,6
C:\Users\kit02\GitHub\Cataract-1K\Phase_recognition_dataset\Training_Dataset\CapsulePulishing\case_4697_CapsulePulishing_0_02_44.766667-0_02_52.83333330fps.mp4,CapsulePulishing,6
C:\Users\kit02\GitHub\Cataract-1K\Phase_recognition_dataset\Training_Dataset\CapsulePulishing\case_4709_CapsulePulishing_0_05_32.116667-0_05_49.28333330fps.mp4,CapsulePulishing,6
C:\Users\kit02\GitHub\Cataract-1K\Phase_recognition_dataset\Training_Dataset\CapsulePulishing\case_4709_CapsulePulishing_0_05_53.100000-0_06_00.80000030fps.mp4,CapsulePulishing,6
C:\Users\kit02\GitHub\Cataract-1K\Phase_recognition_dataset\Training_Dataset\CapsulePulishing\case_4750_CapsulePulishing_0_03_44.650000-0_03_49.83333330fps.mp4,CapsulePulishing,6
C:\Users\kit02\GitHub\Cataract-1K\Phase_recognition_dataset\Training_Dataset\CapsulePulishing\case_4811_CapsulePulishing_0_04_26.966967-0_04_46.50317030fps.mp4,CapsulePulishing,6
C:\Users\kit02\GitHub\Cataract-1K\Phase_recognition_dataset\Training_Dataset\CapsulePulishing\case_4816_CapsulePulishing_0_03_34.883333-0_03_45.63333330fps.mp4,CapsulePulishing,6
C:\Users\kit02\GitHub\Cataract-1K\Phase_recognition_dataset\Training_Dataset\CapsulePulishing\case_4852_CapsulePulishing_0_06_50.360360-0_07_07.92792830fps.mp4,CapsulePulishing,6
C:\Users\kit02\GitHub\Cataract-1K\Phase_recognition_dataset\Training_Dataset\CapsulePulishing\case_4859_CapsulePulishing_0_07_39.116667-0_07_50.58333330fps.mp4,CapsulePulishing,6
C:\Users\kit02\GitHub\Cataract-1K\Phase_recognition_dataset\Training_Dataset\CapsulePulishing\case_4859_CapsulePulishing_0_07_51.200000-0_07_56.78333330fps.mp4,CapsulePulishing,6
C:\Users\kit02\GitHub\Cataract-1K\Phase_recognition_dataset\Training_Dataset\CapsulePulishing\case_4863_CapsulePulishing_0_05_08.183333-0_05_19.35000030fps.mp4,CapsulePulishing,6
C:\Users\kit02\GitHub\Cataract-1K\Phase_recognition_dataset\Training_Dataset\CapsulePulishing\case_4864_CapsulePulishing_0_06_07.366667-0_06_25.73333330fps.mp4,CapsulePulishing,6
C:\Users\kit02\GitHub\Cataract-1K\Phase_recognition_dataset\Training_Dataset\CapsulePulishing\case_4874_CapsulePulishing_0_03_43.150000-0_03_51.38333330fps.mp4,CapsulePulishing,6
C:\Users\kit02\GitHub\Cataract-1K\Phase_recognition_dataset\Training_Dataset\CapsulePulishing\case_4899_CapsulePulishing_0_04_23.800000-0_04_32.73333330fps.mp4,CapsulePulishing,6
C:\Users\kit02\GitHub\Cataract-1K\Phase_recognition_dataset\Training_Dataset\CapsulePulishing\case_4899_CapsulePulishing_0_04_33.266667-0_04_41.45000030fps.mp4,CapsulePulishing,6
C:\Users\kit02\GitHub\Cataract-1K\Phase_recognition_dataset\Training_Dataset\CapsulePulishing\case_4906_CapsulePulishing_0_04_25.966667-0_04_31.33333330fps.mp4,CapsulePulishing,6
C:\Users\kit02\GitHub\Cataract-1K\Phase_recognition_dataset\Training_Dataset\CapsulePulishing\case_4923_CapsulePulishing_0_06_13.600000-0_06_28.33333330fps.mp4,CapsulePulishing,6
C:\Users\kit02\GitHub\Cataract-1K\Phase_recognition_dataset\Training_Dataset\CapsulePulishing\case_4923_CapsulePulishing_0_06_31.400000-0_06_53.98333330fps.mp4,CapsulePulishing,6
C:\Users\kit02\GitHub\Cataract-1K\Phase_recognition_dataset\Training_Dataset\CapsulePulishing\case_4923_CapsulePulishing_0_06_54.833333-0_07_04.93333330fps.mp4,CapsulePulishing,6
C:\Users\kit02\GitHub\Cataract-1K\Phase_recognition_dataset\Training_Dataset\CapsulePulishing\case_4924_CapsulePulishing_0_05_27.250000-0_05_58.38333330fps.mp4,CapsulePulishing,6
C:\Users\kit02\GitHub\Cataract-1K\Phase_recognition_dataset\Training_Dataset\CapsulePulishing\case_4927_CapsulePulishing_0_07_32.669336-0_07_40.62729430fps.mp4,CapsulePulishing,6
C:\Users\kit02\GitHub\Cataract-1K\Phase_recognition_dataset\Training_Dataset\CapsulePulishing\case_4927_CapsulePulishing_0_07_41.644978-0_07_52.12212230fps.mp4,CapsulePulishing,6
C:\Users\kit02\GitHub\Cataract-1K\Phase_recognition_dataset\Training_Dataset\CapsulePulishing\case_4939_CapsulePulishing_0_03_37.800000-0_03_43.78333330fps.mp4,CapsulePulishing,6
C:\Users\kit02\GitHub\Cataract-1K\Phase_recognition_dataset\Training_Dataset\CapsulePulishing\case_5004_CapsulePulishing_0_04_08.316667-0_04_13.18333330fps.mp4,CapsulePulishing,6
C:\Users\kit02\GitHub\Cataract-1K\Phase_recognition_dataset\Training_Dataset\CapsulePulishing\case_5006_CapsulePulishing_0_04_05.150000-0_04_15.70000030fps.mp4,CapsulePulishing,6
C:\Users\kit02\GitHub\Cataract-1K\Phase_recognition_dataset\Training_Dataset\CapsulePulishing\case_5011_CapsulePulishing_0_04_18.091425-0_04_22.19552930fps.mp4,CapsulePulishing,6
C:\Users\kit02\GitHub\Cataract-1K\Phase_recognition_dataset\Training_Dataset\CapsulePulishing\case_5013_CapsulePulishing_0_04_13.403403-0_04_18.05805830fps.mp4,CapsulePulishing,6
C:\Users\kit02\GitHub\Cataract-1K\Phase_recognition_dataset\Training_Dataset\CapsulePulishing\case_5014_CapsulePulishing_0_05_09.800000-0_05_13.33333330fps.mp4,CapsulePulishing,6
C:\Users\kit02\GitHub\Cataract-1K\Phase_recognition_dataset\Training_Dataset\CapsulePulishing\case_5015_CapsulePulishing_0_03_41.900000-0_03_50.23333330fps.mp4,CapsulePulishing,6
C:\Users\kit02\GitHub\Cataract-1K\Phase_recognition_dataset\Training_Dataset\CapsulePulishing\case_5016_CapsulePulishing_0_03_52.666667-0_03_56.75000030fps.mp4,CapsulePulishing,6
C:\Users\kit02\GitHub\Cataract-1K\Phase_recognition_dataset\Training_Dataset\CapsulePulishing\case_5017_CapsulePulishing_0_04_12.866667-0_04_17.46666730fps.mp4,CapsulePulishing,6
C:\Users\kit02\GitHub\Cataract-1K\Phase_recognition_dataset\Training_Dataset\CapsulePulishing\case_5032_CapsulePulishing_0_03_15.250000-0_03_20.88333330fps.mp4,CapsulePulishing,6
C:\Users\kit02\GitHub\Cataract-1K\Phase_recognition_dataset\Training_Dataset\CapsulePulishing\case_5051_CapsulePulishing_0_03_06.903570-0_03_11.67500830fps.mp4,CapsulePulishing,6
C:\Users\kit02\GitHub\Cataract-1K\Phase_recognition_dataset\Training_Dataset\CapsulePulishing\case_5057_CapsulePulishing_0_03_58.800000-0_04_14.18333330fps.mp4,CapsulePulishing,6
C:\Users\kit02\GitHub\Cataract-1K\Phase_recognition_dataset\Training_Dataset\CapsulePulishing\case_5058_CapsulePulishing_0_03_49.066667-0_03_58.63333330fps.mp4,CapsulePulishing,6
C:\Users\kit02\GitHub\Cataract-1K\Phase_recognition_dataset\Training_Dataset\CapsulePulishing\case_5058_CapsulePulishing_0_04_03.216667-0_04_09.55000030fps.mp4,CapsulePulishing,6
C:\Users\kit02\GitHub\Cataract-1K\Phase_recognition_dataset\Training_Dataset\CapsulePulishing\case_5063_CapsulePulishing_0_03_21.350000-0_03_33.75000030fps.mp4,CapsulePulishing,6
C:\Users\kit02\GitHub\Cataract-1K\Phase_recognition_dataset\Training_Dataset\CapsulePulishing\case_5063_CapsulePulishing_0_03_35.916667-0_03_51.20000030fps.mp4,CapsulePulishing,6
C:\Users\kit02\GitHub\Cataract-1K\Phase_recognition_dataset\Training_Dataset\CapsulePulishing\case_5063_CapsulePulishing_0_03_52.766667-0_03_57.85000030fps.mp4,CapsulePulishing,6
C:\Users\kit02\GitHub\Cataract-1K\Phase_recognition_dataset\Training_Dataset\CapsulePulishing\case_5072_CapsulePulishing_0_03_46.226226-0_04_05.32866230fps.mp4,CapsulePulishing,6
C:\Users\kit02\GitHub\Cataract-1K\Phase_recognition_dataset\Training_Dataset\CapsulePulishing\case_5072_CapsulePulishing_0_04_07.297297-0_04_19.02569230fps.mp4,CapsulePulishing,6
C:\Users\kit02\GitHub\Cataract-1K\Phase_recognition_dataset\Training_Dataset\CapsulePulishing\case_5072_CapsulePulishing_0_04_19.876543-0_04_23.78044730fps.mp4,CapsulePulishing,6
C:\Users\kit02\GitHub\Cataract-1K\Phase_recognition_dataset\Training_Dataset\CapsulePulishing\case_5104_CapsulePulishing_0_11_39.850000-0_12_04.98333330fps.mp4,CapsulePulishing,6
C:\Users\kit02\GitHub\Cataract-1K\Phase_recognition_dataset\Training_Dataset\CapsulePulishing\case_5104_CapsulePulishing_0_12_11.816667-0_12_37.68333330fps.mp4,CapsulePulishing,6
C:\Users\kit02\GitHub\Cataract-1K\Phase_recognition_dataset\Training_Dataset\CapsulePulishing\case_5104_CapsulePulishing_0_12_44.950000-0_13_00.13333330fps.mp4,CapsulePulishing,6
C:\Users\kit02\GitHub\Cataract-1K\Phase_recognition_dataset\Training_Dataset\CapsulePulishing\case_5261_CapsulePulishing_0_03_05.416667-0_03_17.88333330fps.mp4,CapsulePulishing,6
C:\Users\kit02\GitHub\Cataract-1K\Phase_recognition_dataset\Training_Dataset\CapsulePulishing\case_5300_CapsulePulishing_0_03_25.450000-0_03_34.03333330fps.mp4,CapsulePulishing,6
C:\Users\kit02\GitHub\Cataract-1K\Phase_recognition_dataset\Training_Dataset\CapsulePulishing\case_5300_CapsulePulishing_0_03_34.450000-0_03_37.93333330fps.mp4,CapsulePulishing,6
C:\Users\kit02\GitHub\Cataract-1K\Phase_recognition_dataset\Training_Dataset\CapsulePulishing\case_5301_CapsulePulishing_0_02_52.522523-0_02_57.82782830fps.mp4,CapsulePulishing,6
C:\Users\kit02\GitHub\Cataract-1K\Phase_recognition_dataset\Training_Dataset\CapsulePulishing\case_5301_CapsulePulishing_0_02_58.078078-0_03_02.63263330fps.mp4,CapsulePulishing,6
C:\Users\kit02\GitHub\Cataract-1K\Phase_recognition_dataset\Training_Dataset\CapsulePulishing\case_5303_CapsulePulishing_0_02_54.307641-0_02_57.79446130fps.mp4,CapsulePulishing,6
C:\Users\kit02\GitHub\Cataract-1K\Phase_recognition_dataset\Training_Dataset\CapsulePulishing\case_5303_CapsulePulishing_0_02_58.244912-0_03_01.33133130fps.mp4,CapsulePulishing,6
C:\Users\kit02\GitHub\Cataract-1K\Phase_recognition_dataset\Training_Dataset\CapsulePulishing\case_5304_CapsulePulishing_0_02_38.900000-0_02_49.73333330fps.mp4,CapsulePulishing,6
C:\Users\kit02\GitHub\Cataract-1K\Phase_recognition_dataset\Training_Dataset\CapsulePulishing\case_5305_CapsulePulishing_0_02_44.047381-0_02_48.45178530fps.mp4,CapsulePulishing,6
C:\Users\kit02\GitHub\Cataract-1K\Phase_recognition_dataset\Training_Dataset\CapsulePulishing\case_5305_CapsulePulishing_0_02_49.102436-0_02_56.79346030fps.mp4,CapsulePulishing,6
C:\Users\kit02\GitHub\Cataract-1K\Phase_recognition_dataset\Training_Dataset\CapsulePulishing\case_5309_CapsulePulishing_0_03_28.575242-0_03_32.71271330fps.mp4,CapsulePulishing,6
C:\Users\kit02\GitHub\Cataract-1K\Phase_recognition_dataset\Training_Dataset\CapsulePulishing\case_5309_CapsulePulishing_0_03_33.446780-0_03_43.85719130fps.mp4,CapsulePulishing,6
C:\Users\kit02\GitHub\Cataract-1K\Phase_recognition_dataset\Training_Dataset\CapsulePulishing\case_5311_CapsulePulishing_0_04_51.250000-0_05_02.41666730fps.mp4,CapsulePulishing,6
C:\Users\kit02\GitHub\Cataract-1K\Phase_recognition_dataset\Training_Dataset\CapsulePulishing\case_5311_CapsulePulishing_0_05_03.016667-0_05_07.78333330fps.mp4,CapsulePulishing,6
C:\Users\kit02\GitHub\Cataract-1K\Phase_recognition_dataset\Training_Dataset\CapsulePulishing\case_5314_CapsulePulishing_0_03_06.350000-0_03_21.60000030fps.mp4,CapsulePulishing,6
C:\Users\kit02\GitHub\Cataract-1K\Phase_recognition_dataset\Training_Dataset\CapsulePulishing\case_5314_CapsulePulishing_0_03_25.200000-0_03_34.68333330fps.mp4,CapsulePulishing,6
C:\Users\kit02\GitHub\Cataract-1K\Phase_recognition_dataset\Training_Dataset\CapsulePulishing\case_5315_CapsulePulishing_0_03_22.652653-0_03_39.05238630fps.mp4,CapsulePulishing,6
C:\Users\kit02\GitHub\Cataract-1K\Phase_recognition_dataset\Training_Dataset\CapsulePulishing\case_5315_CapsulePulishing_0_03_42.305639-0_03_54.68468530fps.mp4,CapsulePulishing,6
C:\Users\kit02\GitHub\Cataract-1K\Phase_recognition_dataset\Training_Dataset\CapsulePulishing\case_5315_CapsulePulishing_0_04_00.874208-0_04_09.68301630fps.mp4,CapsulePulishing,6
C:\Users\kit02\GitHub\Cataract-1K\Phase_recognition_dataset\Training_Dataset\CapsulePulishing\case_5316_CapsulePulishing_0_03_38.533333-0_03_42.88333330fps.mp4,CapsulePulishing,6
C:\Users\kit02\GitHub\Cataract-1K\Phase_recognition_dataset\Training_Dataset\CapsulePulishing\case_5317_CapsulePulishing_0_02_57.800000-0_03_09.73333330fps.mp4,CapsulePulishing,6
C:\Users\kit02\GitHub\Cataract-1K\Phase_recognition_dataset\Training_Dataset\CapsulePulishing\case_5319_CapsulePulishing_0_06_47.716667-0_06_51.35000030fps.mp4,CapsulePulishing,6
C:\Users\kit02\GitHub\Cataract-1K\Phase_recognition_dataset\Training_Dataset\CapsulePulishing\case_5331_CapsulePulishing_0_04_35.150000-0_04_40.43333330fps.mp4,CapsulePulishing,6
C:\Users\kit02\GitHub\Cataract-1K\Phase_recognition_dataset\Training_Dataset\CapsulePulishing\case_5334_CapsulePulishing_0_04_23.480147-0_04_34.45779130fps.mp4,CapsulePulishing,6
C:\Users\kit02\GitHub\Cataract-1K\Phase_recognition_dataset\Training_Dataset\CapsulePulishing\case_5335_CapsulePulishing_0_04_17.666667-0_04_22.13333330fps.mp4,CapsulePulishing,6
C:\Users\kit02\GitHub\Cataract-1K\Phase_recognition_dataset\Training_Dataset\CapsulePulishing\case_5340_CapsulePulishing_0_03_56.152819-0_04_00.40707430fps.mp4,CapsulePulishing,6
C:\Users\kit02\GitHub\Cataract-1K\Phase_recognition_dataset\Training_Dataset\LensImplantation\case_4687_LensImplantation_0_03_25.488822-0_03_36.08274930fps.mp4,LensImplantation,7
C:\Users\kit02\GitHub\Cataract-1K\Phase_recognition_dataset\Training_Dataset\LensImplantation\case_4693_LensImplantation_0_03_28.208208-0_03_39.48615330fps.mp4,LensImplantation,7
C:\Users\kit02\GitHub\Cataract-1K\Phase_recognition_dataset\Training_Dataset\LensImplantation\case_4695_LensImplantation_0_04_19.700000-0_04_26.53333330fps.mp4,LensImplantation,7
C:\Users\kit02\GitHub\Cataract-1K\Phase_recognition_dataset\Training_Dataset\LensImplantation\case_4697_LensImplantation_0_03_02.250000-0_03_18.93333330fps.mp4,LensImplantation,7
C:\Users\kit02\GitHub\Cataract-1K\Phase_recognition_dataset\Training_Dataset\LensImplantation\case_4709_LensImplantation_0_06_15.750000-0_06_31.25000030fps.mp4,LensImplantation,7
C:\Users\kit02\GitHub\Cataract-1K\Phase_recognition_dataset\Training_Dataset\LensImplantation\case_4750_LensImplantation_0_03_59.700000-0_04_23.55000030fps.mp4,LensImplantation,7
C:\Users\kit02\GitHub\Cataract-1K\Phase_recognition_dataset\Training_Dataset\LensImplantation\case_4811_LensImplantation_0_04_56.463130-0_05_09.17584330fps.mp4,LensImplantation,7
C:\Users\kit02\GitHub\Cataract-1K\Phase_recognition_dataset\Training_Dataset\LensImplantation\case_4816_LensImplantation_0_03_55.016667-0_04_14.78333330fps.mp4,LensImplantation,7
C:\Users\kit02\GitHub\Cataract-1K\Phase_recognition_dataset\Training_Dataset\LensImplantation\case_4852_LensImplantation_0_07_22.225559-0_07_50.62062130fps.mp4,LensImplantation,7
C:\Users\kit02\GitHub\Cataract-1K\Phase_recognition_dataset\Training_Dataset\LensImplantation\case_4859_LensImplantation_0_08_05.950000-0_08_26.43333330fps.mp4,LensImplantation,7
C:\Users\kit02\GitHub\Cataract-1K\Phase_recognition_dataset\Training_Dataset\LensImplantation\case_4863_LensImplantation_0_05_33.400000-0_05_47.40000030fps.mp4,LensImplantation,7
C:\Users\kit02\GitHub\Cataract-1K\Phase_recognition_dataset\Training_Dataset\LensImplantation\case_4864_LensImplantation_0_06_43.416667-0_07_10.33333330fps.mp4,LensImplantation,7
C:\Users\kit02\GitHub\Cataract-1K\Phase_recognition_dataset\Training_Dataset\LensImplantation\case_4874_LensImplantation_0_04_01.100000-0_04_10.23333330fps.mp4,LensImplantation,7
C:\Users\kit02\GitHub\Cataract-1K\Phase_recognition_dataset\Training_Dataset\LensImplantation\case_4888_LensImplantation_0_03_24.154154-0_03_33.14648030fps.mp4,LensImplantation,7
C:\Users\kit02\GitHub\Cataract-1K\Phase_recognition_dataset\Training_Dataset\LensImplantation\case_4899_LensImplantation_0_04_54.900000-0_05_04.38333330fps.mp4,LensImplantation,7
C:\Users\kit02\GitHub\Cataract-1K\Phase_recognition_dataset\Training_Dataset\LensImplantation\case_4906_LensImplantation_0_04_43.100000-0_04_58.73333330fps.mp4,LensImplantation,7
C:\Users\kit02\GitHub\Cataract-1K\Phase_recognition_dataset\Training_Dataset\LensImplantation\case_4923_LensImplantation_0_07_18.300000-0_07_55.05000030fps.mp4,LensImplantation,7
C:\Users\kit02\GitHub\Cataract-1K\Phase_recognition_dataset\Training_Dataset\LensImplantation\case_4924_LensImplantation_0_06_15.600000-0_06_49.91666730fps.mp4,LensImplantation,7
C:\Users\kit02\GitHub\Cataract-1K\Phase_recognition_dataset\Training_Dataset\LensImplantation\case_4927_LensImplantation_0_08_04.751418-0_08_32.71271330fps.mp4,LensImplantation,7
C:\Users\kit02\GitHub\Cataract-1K\Phase_recognition_dataset\Training_Dataset\LensImplantation\case_4939_LensImplantation_0_03_54.366667-0_03_59.33333330fps.mp4,LensImplantation,7
C:\Users\kit02\GitHub\Cataract-1K\Phase_recognition_dataset\Training_Dataset\LensImplantation\case_4999_LensImplantation_0_04_40.547214-0_04_50.84084130fps.mp4,LensImplantation,7
C:\Users\kit02\GitHub\Cataract-1K\Phase_recognition_dataset\Training_Dataset\LensImplantation\case_5004_LensImplantation_0_04_26.216667-0_04_38.03333330fps.mp4,LensImplantation,7
C:\Users\kit02\GitHub\Cataract-1K\Phase_recognition_dataset\Training_Dataset\LensImplantation\case_5006_LensImplantation_0_04_26.616667-0_04_34.78333330fps.mp4,LensImplantation,7
C:\Users\kit02\GitHub\Cataract-1K\Phase_recognition_dataset\Training_Dataset\LensImplantation\case_5011_LensImplantation_0_04_31.921922-0_04_40.46379730fps.mp4,LensImplantation,7
C:\Users\kit02\GitHub\Cataract-1K\Phase_recognition_dataset\Training_Dataset\LensImplantation\case_5013_LensImplantation_0_04_29.703036-0_04_37.29396130fps.mp4,LensImplantation,7
C:\Users\kit02\GitHub\Cataract-1K\Phase_recognition_dataset\Training_Dataset\LensImplantation\case_5014_LensImplantation_0_05_23.200000-0_05_31.25000030fps.mp4,LensImplantation,7
C:\Users\kit02\GitHub\Cataract-1K\Phase_recognition_dataset\Training_Dataset\LensImplantation\case_5015_LensImplantation_0_03_58.966667-0_04_13.48333330fps.mp4,LensImplantation,7
C:\Users\kit02\GitHub\Cataract-1K\Phase_recognition_dataset\Training_Dataset\LensImplantation\case_5016_LensImplantation_0_04_14.300000-0_04_28.15000030fps.mp4,LensImplantation,7
C:\Users\kit02\GitHub\Cataract-1K\Phase_recognition_dataset\Training_Dataset\LensImplantation\case_5017_LensImplantation_0_04_27.916667-0_04_40.13333330fps.mp4,LensImplantation,7
C:\Users\kit02\GitHub\Cataract-1K\Phase_recognition_dataset\Training_Dataset\LensImplantation\case_5032_LensImplantation_0_03_30.516667-0_03_49.20000030fps.mp4,LensImplantation,7
C:\Users\kit02\GitHub\Cataract-1K\Phase_recognition_dataset\Training_Dataset\LensImplantation\case_5051_LensImplantation_0_03_24.854855-0_03_37.20053430fps.mp4,LensImplantation,7
C:\Users\kit02\GitHub\Cataract-1K\Phase_recognition_dataset\Training_Dataset\LensImplantation\case_5057_LensImplantation_0_04_24.750000-0_04_41.70000030fps.mp4,LensImplantation,7
C:\Users\kit02\GitHub\Cataract-1K\Phase_recognition_dataset\Training_Dataset\LensImplantation\case_5058_LensImplantation_0_04_19.250000-0_04_35.15000030fps.mp4,LensImplantation,7
C:\Users\kit02\GitHub\Cataract-1K\Phase_recognition_dataset\Training_Dataset\LensImplantation\case_5063_LensImplantation_0_04_06.916667-0_04_17.83333330fps.mp4,LensImplantation,7
C:\Users\kit02\GitHub\Cataract-1K\Phase_recognition_dataset\Training_Dataset\LensImplantation\case_5072_LensImplantation_0_04_33.023023-0_04_44.35101830fps.mp4,LensImplantation,7
C:\Users\kit02\GitHub\Cataract-1K\Phase_recognition_dataset\Training_Dataset\LensImplantation\case_5104_LensImplantation_0_13_26.650000-0_13_41.58333330fps.mp4,LensImplantation,7
C:\Users\kit02\GitHub\Cataract-1K\Phase_recognition_dataset\Training_Dataset\LensImplantation\case_5261_LensImplantation_0_03_50.800000-0_04_05.53333330fps.mp4,LensImplantation,7
C:\Users\kit02\GitHub\Cataract-1K\Phase_recognition_dataset\Training_Dataset\LensImplantation\case_5300_LensImplantation_0_03_45.950000-0_03_56.50000030fps.mp4,LensImplantation,7
C:\Users\kit02\GitHub\Cataract-1K\Phase_recognition_dataset\Training_Dataset\LensImplantation\case_5301_LensImplantation_0_03_10.306974-0_03_20.10010030fps.mp4,LensImplantation,7
C:\Users\kit02\GitHub\Cataract-1K\Phase_recognition_dataset\Training_Dataset\LensImplantation\case_5303_LensImplantation_0_03_11.975309-0_03_20.93426830fps.mp4,LensImplantation,7
C:\Users\kit02\GitHub\Cataract-1K\Phase_recognition_dataset\Training_Dataset\LensImplantation\case_5304_LensImplantation_0_02_59.250000-0_03_14.80000030fps.mp4,LensImplantation,7
C:\Users\kit02\GitHub\Cataract-1K\Phase_recognition_dataset\Training_Dataset\LensImplantation\case_5305_LensImplantation_0_03_06.820153-0_03_14.44444430fps.mp4,LensImplantation,7
C:\Users\kit02\GitHub\Cataract-1K\Phase_recognition_dataset\Training_Dataset\LensImplantation\case_5309_LensImplantation_0_03_57.070404-0_04_07.19719730fps.mp4,LensImplantation,7
C:\Users\kit02\GitHub\Cataract-1K\Phase_recognition_dataset\Training_Dataset\LensImplantation\case_5311_LensImplantation_0_05_15.900000-0_05_23.33333330fps.mp4,LensImplantation,7
C:\Users\kit02\GitHub\Cataract-1K\Phase_recognition_dataset\Training_Dataset\LensImplantation\case_5314_LensImplantation_0_03_44.050000-0_03_53.38333330fps.mp4,LensImplantation,7
C:\Users\kit02\GitHub\Cataract-1K\Phase_recognition_dataset\Training_Dataset\LensImplantation\case_5315_LensImplantation_0_04_18.958959-0_04_32.03870530fps.mp4,LensImplantation,7
C:\Users\kit02\GitHub\Cataract-1K\Phase_recognition_dataset\Training_Dataset\LensImplantation\case_5316_LensImplantation_0_03_53.200000-0_04_03.55000030fps.mp4,LensImplantation,7
C:\Users\kit02\GitHub\Cataract-1K\Phase_recognition_dataset\Training_Dataset\LensImplantation\case_5317_LensImplantation_0_03_19.600000-0_03_30.25000030fps.mp4,LensImplantation,7
C:\Users\kit02\GitHub\Cataract-1K\Phase_recognition_dataset\Training_Dataset\LensImplantation\case_5319_LensImplantation_0_07_02.050000-0_07_10.73333330fps.mp4,LensImplantation,7
C:\Users\kit02\GitHub\Cataract-1K\Phase_recognition_dataset\Training_Dataset\LensImplantation\case_5329_LensImplantation_0_04_48.755422-0_04_59.04904930fps.mp4,LensImplantation,7
C:\Users\kit02\GitHub\Cataract-1K\Phase_recognition_dataset\Training_Dataset\LensImplantation\case_5331_LensImplantation_0_04_49.866667-0_04_58.18333330fps.mp4,LensImplantation,7
C:\Users\kit02\GitHub\Cataract-1K\Phase_recognition_dataset\Training_Dataset\LensImplantation\case_5334_LensImplantation_0_04_46.019353-0_04_56.46313030fps.mp4,LensImplantation,7
C:\Users\kit02\GitHub\Cataract-1K\Phase_recognition_dataset\Training_Dataset\LensImplantation\case_5335_LensImplantation_0_04_32.750000-0_04_44.48333330fps.mp4,LensImplantation,7
C:\Users\kit02\GitHub\Cataract-1K\Phase_recognition_dataset\Training_Dataset\LensImplantation\case_5340_LensImplantation_0_04_16.823490-0_04_27.75108430fps.mp4,LensImplantation,7
C:\Users\kit02\GitHub\Cataract-1K\Phase_recognition_dataset\Training_Dataset\LensPositioning\case_4687_Lenspositioning_0_03_37.617618-0_03_42.65598930fps.mp4,LensPositioning,8
C:\Users\kit02\GitHub\Cataract-1K\Phase_recognition_dataset\Training_Dataset\LensPositioning\case_4693_Lenspositioning_0_03_41.321321-0_03_48.11144530fps.mp4,LensPositioning,8
C:\Users\kit02\GitHub\Cataract-1K\Phase_recognition_dataset\Training_Dataset\LensPositioning\case_4695_Lenspositioning_0_04_28.100000-0_04_35.08333330fps.mp4,LensPositioning,8
C:\Users\kit02\GitHub\Cataract-1K\Phase_recognition_dataset\Training_Dataset\LensPositioning\case_4697_Lenspositioning_0_03_21.150000-0_03_25.03333330fps.mp4,LensPositioning,8
C:\Users\kit02\GitHub\Cataract-1K\Phase_recognition_dataset\Training_Dataset\LensPositioning\case_4709_Lenspositioning_0_06_33.766667-0_06_44.30000030fps.mp4,LensPositioning,8
C:\Users\kit02\GitHub\Cataract-1K\Phase_recognition_dataset\Training_Dataset\LensPositioning\case_4811_Lenspositioning_0_05_11.711712-0_05_49.63296630fps.mp4,LensPositioning,8
C:\Users\kit02\GitHub\Cataract-1K\Phase_recognition_dataset\Training_Dataset\LensPositioning\case_4816_Lenspositioning_0_04_17.700000-0_04_21.63333330fps.mp4,LensPositioning,8
C:\Users\kit02\GitHub\Cataract-1K\Phase_recognition_dataset\Training_Dataset\LensPositioning\case_4852_Lenspositioning_0_07_53.089756-0_08_29.72639330fps.mp4,LensPositioning,8
C:\Users\kit02\GitHub\Cataract-1K\Phase_recognition_dataset\Training_Dataset\LensPositioning\case_4859_Lenspositioning_0_08_28.850000-0_08_38.30000030fps.mp4,LensPositioning,8
C:\Users\kit02\GitHub\Cataract-1K\Phase_recognition_dataset\Training_Dataset\LensPositioning\case_4863_Lenspositioning_0_05_50.200000-0_05_59.85000030fps.mp4,LensPositioning,8
C:\Users\kit02\GitHub\Cataract-1K\Phase_recognition_dataset\Training_Dataset\LensPositioning\case_4864_Lenspositioning_0_07_15.683333-0_07_55.08333330fps.mp4,LensPositioning,8
C:\Users\kit02\GitHub\Cataract-1K\Phase_recognition_dataset\Training_Dataset\LensPositioning\case_4874_Lenspositioning_0_04_12.050000-0_04_22.43333330fps.mp4,LensPositioning,8
C:\Users\kit02\GitHub\Cataract-1K\Phase_recognition_dataset\Training_Dataset\LensPositioning\case_4888_Lenspositioning_0_03_35.098432-0_03_38.63530230fps.mp4,LensPositioning,8
C:\Users\kit02\GitHub\Cataract-1K\Phase_recognition_dataset\Training_Dataset\LensPositioning\case_4899_Lenspositioning_0_05_05.966667-0_05_16.83333330fps.mp4,LensPositioning,8
C:\Users\kit02\GitHub\Cataract-1K\Phase_recognition_dataset\Training_Dataset\LensPositioning\case_4906_Lenspositioning_0_05_01.300000-0_05_06.25000030fps.mp4,LensPositioning,8
C:\Users\kit02\GitHub\Cataract-1K\Phase_recognition_dataset\Training_Dataset\LensPositioning\case_4923_Lenspositioning_0_07_58.366667-0_08_14.58333330fps.mp4,LensPositioning,8
C:\Users\kit02\GitHub\Cataract-1K\Phase_recognition_dataset\Training_Dataset\LensPositioning\case_4924_Lenspositioning_0_06_52.800000-0_07_19.48333330fps.mp4,LensPositioning,8
C:\Users\kit02\GitHub\Cataract-1K\Phase_recognition_dataset\Training_Dataset\LensPositioning\case_4927_Lenspositioning_0_08_35.498832-0_09_04.82816130fps.mp4,LensPositioning,8
C:\Users\kit02\GitHub\Cataract-1K\Phase_recognition_dataset\Training_Dataset\LensPositioning\case_4939_Lenspositioning_0_04_00.550000-0_04_10.30000030fps.mp4,LensPositioning,8
C:\Users\kit02\GitHub\Cataract-1K\Phase_recognition_dataset\Training_Dataset\LensPositioning\case_4999_Lenspositioning_0_04_52.192192-0_04_56.69669730fps.mp4,LensPositioning,8
C:\Users\kit02\GitHub\Cataract-1K\Phase_recognition_dataset\Training_Dataset\LensPositioning\case_5004_Lenspositioning_0_04_39.450000-0_04_44.60000030fps.mp4,LensPositioning,8
C:\Users\kit02\GitHub\Cataract-1K\Phase_recognition_dataset\Training_Dataset\LensPositioning\case_5006_Lenspositioning_0_04_35.900000-0_04_49.55000030fps.mp4,LensPositioning,8
C:\Users\kit02\GitHub\Cataract-1K\Phase_recognition_dataset\Training_Dataset\LensPositioning\case_5011_Lenspositioning_0_04_42.298966-0_04_46.85352030fps.mp4,LensPositioning,8
C:\Users\kit02\GitHub\Cataract-1K\Phase_recognition_dataset\Training_Dataset\LensPositioning\case_5013_Lenspositioning_0_04_39.195863-0_04_43.04971630fps.mp4,LensPositioning,8
C:\Users\kit02\GitHub\Cataract-1K\Phase_recognition_dataset\Training_Dataset\LensPositioning\case_5015_Lenspositioning_0_04_14.900000-0_04_21.13333330fps.mp4,LensPositioning,8
C:\Users\kit02\GitHub\Cataract-1K\Phase_recognition_dataset\Training_Dataset\LensPositioning\case_5016_Lenspositioning_0_04_30.550000-0_04_37.03333330fps.mp4,LensPositioning,8
C:\Users\kit02\GitHub\Cataract-1K\Phase_recognition_dataset\Training_Dataset\LensPositioning\case_5017_Lenspositioning_0_04_42.116667-0_04_49.68333330fps.mp4,LensPositioning,8
C:\Users\kit02\GitHub\Cataract-1K\Phase_recognition_dataset\Training_Dataset\LensPositioning\case_5032_Lenspositioning_0_03_51.150000-0_03_54.30000030fps.mp4,LensPositioning,8
C:\Users\kit02\GitHub\Cataract-1K\Phase_recognition_dataset\Training_Dataset\LensPositioning\case_5051_Lenspositioning_0_03_42.939606-0_03_56.55322030fps.mp4,LensPositioning,8
C:\Users\kit02\GitHub\Cataract-1K\Phase_recognition_dataset\Training_Dataset\LensPositioning\case_5057_Lenspositioning_0_04_43.450000-0_04_53.78333330fps.mp4,LensPositioning,8
C:\Users\kit02\GitHub\Cataract-1K\Phase_recognition_dataset\Training_Dataset\LensPositioning\case_5058_Lenspositioning_0_04_36.450000-0_04_45.96666730fps.mp4,LensPositioning,8
C:\Users\kit02\GitHub\Cataract-1K\Phase_recognition_dataset\Training_Dataset\LensPositioning\case_5063_Lenspositioning_0_04_19.066667-0_04_2530fps.mp4,LensPositioning,8
C:\Users\kit02\GitHub\Cataract-1K\Phase_recognition_dataset\Training_Dataset\LensPositioning\case_5072_Lenspositioning_0_04_46.069403-0_04_55.97931330fps.mp4,LensPositioning,8
C:\Users\kit02\GitHub\Cataract-1K\Phase_recognition_dataset\Training_Dataset\LensPositioning\case_5104_Lenspositioning_0_13_45.050000-0_14_08.28333330fps.mp4,LensPositioning,8
C:\Users\kit02\GitHub\Cataract-1K\Phase_recognition_dataset\Training_Dataset\LensPositioning\case_5261_Lenspositioning_0_04_07.700000-0_04_21.98333330fps.mp4,LensPositioning,8
C:\Users\kit02\GitHub\Cataract-1K\Phase_recognition_dataset\Training_Dataset\LensPositioning\case_5261_Lenspositioning_0_04_22.200000-0_04_38.03333330fps.mp4,LensPositioning,8
C:\Users\kit02\GitHub\Cataract-1K\Phase_recognition_dataset\Training_Dataset\LensPositioning\case_5300_Lenspositioning_0_03_58.150000-0_04_03.90000030fps.mp4,LensPositioning,8
C:\Users\kit02\GitHub\Cataract-1K\Phase_recognition_dataset\Training_Dataset\LensPositioning\case_5301_Lenspositioning_0_03_21.601602-0_03_26.79012330fps.mp4,LensPositioning,8
C:\Users\kit02\GitHub\Cataract-1K\Phase_recognition_dataset\Training_Dataset\LensPositioning\case_5303_Lenspositioning_0_03_22.719386-0_03_30.89422830fps.mp4,LensPositioning,8
C:\Users\kit02\GitHub\Cataract-1K\Phase_recognition_dataset\Training_Dataset\LensPositioning\case_5305_Lenspositioning_0_03_16.312980-0_03_23.82048730fps.mp4,LensPositioning,8
C:\Users\kit02\GitHub\Cataract-1K\Phase_recognition_dataset\Training_Dataset\LensPositioning\case_5309_Lenspositioning_0_04_09.299299-0_04_20.89422830fps.mp4,LensPositioning,8
C:\Users\kit02\GitHub\Cataract-1K\Phase_recognition_dataset\Training_Dataset\LensPositioning\case_5311_Lenspositioning_0_05_24.716667-0_05_32.43333330fps.mp4,LensPositioning,8
C:\Users\kit02\GitHub\Cataract-1K\Phase_recognition_dataset\Training_Dataset\LensPositioning\case_5314_Lenspositioning_0_03_55.300000-0_04_02.03333330fps.mp4,LensPositioning,8
C:\Users\kit02\GitHub\Cataract-1K\Phase_recognition_dataset\Training_Dataset\LensPositioning\case_5315_Lenspositioning_0_04_33.590257-0_04_41.01434830fps.mp4,LensPositioning,8
C:\Users\kit02\GitHub\Cataract-1K\Phase_recognition_dataset\Training_Dataset\LensPositioning\case_5316_Lenspositioning_0_04_05.050000-0_04_14.43333330fps.mp4,LensPositioning,8
C:\Users\kit02\GitHub\Cataract-1K\Phase_recognition_dataset\Training_Dataset\LensPositioning\case_5317_Lenspositioning_0_03_32.750000-0_03_49.65000030fps.mp4,LensPositioning,8
C:\Users\kit02\GitHub\Cataract-1K\Phase_recognition_dataset\Training_Dataset\LensPositioning\case_5319_Lenspositioning_0_07_12.550000-0_07_22.58333330fps.mp4,LensPositioning,8
C:\Users\kit02\GitHub\Cataract-1K\Phase_recognition_dataset\Training_Dataset\LensPositioning\case_5329_Lenspositioning_0_05_01.468135-0_05_04.63797130fps.mp4,LensPositioning,8
C:\Users\kit02\GitHub\Cataract-1K\Phase_recognition_dataset\Training_Dataset\LensPositioning\case_5331_Lenspositioning_0_05_00.350000-0_05_03.60000030fps.mp4,LensPositioning,8
C:\Users\kit02\GitHub\Cataract-1K\Phase_recognition_dataset\Training_Dataset\LensPositioning\case_5334_Lenspositioning_0_05_00.667334-0_05_09.55956030fps.mp4,LensPositioning,8
C:\Users\kit02\GitHub\Cataract-1K\Phase_recognition_dataset\Training_Dataset\LensPositioning\case_5335_Lenspositioning_0_04_49.050000-0_04_57.68333330fps.mp4,LensPositioning,8
C:\Users\kit02\GitHub\Cataract-1K\Phase_recognition_dataset\Training_Dataset\LensPositioning\case_5340_Lenspositioning_0_04_29.769770-0_04_34.52452530fps.mp4,LensPositioning,8
C:\Users\kit02\GitHub\Cataract-1K\Phase_recognition_dataset\Training_Dataset\Viscoelastic_Suction\case_4687_Viscoelastic_Suction_0_03_44.341008-0_04_08.94894930fps.mp4,Viscoelastic_Suction,9
C:\Users\kit02\GitHub\Cataract-1K\Phase_recognition_dataset\Training_Dataset\Viscoelastic_Suction\case_4693_Viscoelastic_Suction_0_03_49.829830-0_04_16.74007330fps.mp4,Viscoelastic_Suction,9
C:\Users\kit02\GitHub\Cataract-1K\Phase_recognition_dataset\Training_Dataset\Viscoelastic_Suction\case_4695_Viscoelastic_Suction_0_04_36.800000-0_05_03.70000030fps.mp4,Viscoelastic_Suction,9
C:\Users\kit02\GitHub\Cataract-1K\Phase_recognition_dataset\Training_Dataset\Viscoelastic_Suction\case_4697_Viscoelastic_Suction_0_03_27.950000-0_03_46.73333330fps.mp4,Viscoelastic_Suction,9
C:\Users\kit02\GitHub\Cataract-1K\Phase_recognition_dataset\Training_Dataset\Viscoelastic_Suction\case_4709_Viscoelastic_Suction_0_06_45.850000-0_07_02.63333330fps.mp4,Viscoelastic_Suction,9
C:\Users\kit02\GitHub\Cataract-1K\Phase_recognition_dataset\Training_Dataset\Viscoelastic_Suction\case_4709_Viscoelastic_Suction_0_07_30.400000-0_07_40.75000030fps.mp4,Viscoelastic_Suction,9
C:\Users\kit02\GitHub\Cataract-1K\Phase_recognition_dataset\Training_Dataset\Viscoelastic_Suction\case_4709_Viscoelastic_Suction_0_07_42.650000-0_07_49.90000030fps.mp4,Viscoelastic_Suction,9
C:\Users\kit02\GitHub\Cataract-1K\Phase_recognition_dataset\Training_Dataset\Viscoelastic_Suction\case_4750_Viscoelastic_Suction_0_04_25.466667-0_05_04.15000030fps.mp4,Viscoelastic_Suction,9
C:\Users\kit02\GitHub\Cataract-1K\Phase_recognition_dataset\Training_Dataset\Viscoelastic_Suction\case_4811_Viscoelastic_Suction_0_05_51.768435-0_06_05.93259930fps.mp4,Viscoelastic_Suction,9
C:\Users\kit02\GitHub\Cataract-1K\Phase_recognition_dataset\Training_Dataset\Viscoelastic_Suction\case_4811_Viscoelastic_Suction_0_06_29.589590-0_06_36.79679730fps.mp4,Viscoelastic_Suction,9
C:\Users\kit02\GitHub\Cataract-1K\Phase_recognition_dataset\Training_Dataset\Viscoelastic_Suction\case_4816_Viscoelastic_Suction_0_04_23.066667-0_04_37.45000030fps.mp4,Viscoelastic_Suction,9
C:\Users\kit02\GitHub\Cataract-1K\Phase_recognition_dataset\Training_Dataset\Viscoelastic_Suction\case_4816_Viscoelastic_Suction_0_05_16.050000-0_05_22.35000030fps.mp4,Viscoelastic_Suction,9
C:\Users\kit02\GitHub\Cataract-1K\Phase_recognition_dataset\Training_Dataset\Viscoelastic_Suction\case_4852_Viscoelastic_Suction_0_08_32.479146-0_08_56.60327030fps.mp4,Viscoelastic_Suction,9
C:\Users\kit02\GitHub\Cataract-1K\Phase_recognition_dataset\Training_Dataset\Viscoelastic_Suction\case_4852_Viscoelastic_Suction_0_09_11.317985-0_09_26.18285030fps.mp4,Viscoelastic_Suction,9
C:\Users\kit02\GitHub\Cataract-1K\Phase_recognition_dataset\Training_Dataset\Viscoelastic_Suction\case_4859_Viscoelastic_Suction_0_08_41-0_09_21.73333330fps.mp4,Viscoelastic_Suction,9
C:\Users\kit02\GitHub\Cataract-1K\Phase_recognition_dataset\Training_Dataset\Viscoelastic_Suction\case_4859_Viscoelastic_Suction_0_09_40.150000-0_09_56.20000030fps.mp4,Viscoelastic_Suction,9
C:\Users\kit02\GitHub\Cataract-1K\Phase_recognition_dataset\Training_Dataset\Viscoelastic_Suction\case_4863_Viscoelastic_Suction_0_06_03.200000-0_06_27.53333330fps.mp4,Viscoelastic_Suction,9
C:\Users\kit02\GitHub\Cataract-1K\Phase_recognition_dataset\Training_Dataset\Viscoelastic_Suction\case_4863_Viscoelastic_Suction_0_06_53.483333-0_07_11.23333330fps.mp4,Viscoelastic_Suction,9
C:\Users\kit02\GitHub\Cataract-1K\Phase_recognition_dataset\Training_Dataset\Viscoelastic_Suction\case_4864_Viscoelastic_Suction_0_07_58.600000-0_08_19.36666730fps.mp4,Viscoelastic_Suction,9
C:\Users\kit02\GitHub\Cataract-1K\Phase_recognition_dataset\Training_Dataset\Viscoelastic_Suction\case_4864_Viscoelastic_Suction_0_08_33.616667-0_08_41.83333330fps.mp4,Viscoelastic_Suction,9
C:\Users\kit02\GitHub\Cataract-1K\Phase_recognition_dataset\Training_Dataset\Viscoelastic_Suction\case_4874_Viscoelastic_Suction_0_04_24.666667-0_04_45.80000030fps.mp4,Viscoelastic_Suction,9
C:\Users\kit02\GitHub\Cataract-1K\Phase_recognition_dataset\Training_Dataset\Viscoelastic_Suction\case_4874_Viscoelastic_Suction_0_05_02.766667-0_05_10.13333330fps.mp4,Viscoelastic_Suction,9
C:\Users\kit02\GitHub\Cataract-1K\Phase_recognition_dataset\Training_Dataset\Viscoelastic_Suction\case_4888_Viscoelastic_Suction_0_03_40.053387-0_03_50.74741430fps.mp4,Viscoelastic_Suction,9
C:\Users\kit02\GitHub\Cataract-1K\Phase_recognition_dataset\Training_Dataset\Viscoelastic_Suction\case_4888_Viscoelastic_Suction_0_03_59.656323-0_04_07.39739730fps.mp4,Viscoelastic_Suction,9
C:\Users\kit02\GitHub\Cataract-1K\Phase_recognition_dataset\Training_Dataset\Viscoelastic_Suction\case_4888_Viscoelastic_Suction_0_04_27.200534-0_04_31.40473830fps.mp4,Viscoelastic_Suction,9
C:\Users\kit02\GitHub\Cataract-1K\Phase_recognition_dataset\Training_Dataset\Viscoelastic_Suction\case_4899_Viscoelastic_Suction_0_05_18.400000-0_06_29.73333330fps.mp4,Viscoelastic_Suction,9
C:\Users\kit02\GitHub\Cataract-1K\Phase_recognition_dataset\Training_Dataset\Viscoelastic_Suction\case_4899_Viscoelastic_Suction_0_06_55.866667-0_07_01.43333330fps.mp4,Viscoelastic_Suction,9
C:\Users\kit02\GitHub\Cataract-1K\Phase_recognition_dataset\Training_Dataset\Viscoelastic_Suction\case_4906_Viscoelastic_Suction_0_05_08.050000-0_06_02.28333330fps.mp4,Viscoelastic_Suction,9
C:\Users\kit02\GitHub\Cataract-1K\Phase_recognition_dataset\Training_Dataset\Viscoelastic_Suction\case_4923_Viscoelastic_Suction_0_08_19.250000-0_08_50.68333330fps.mp4,Viscoelastic_Suction,9
C:\Users\kit02\GitHub\Cataract-1K\Phase_recognition_dataset\Training_Dataset\Viscoelastic_Suction\case_4923_Viscoelastic_Suction_0_09_13.250000-0_09_39.36666730fps.mp4,Viscoelastic_Suction,9
C:\Users\kit02\GitHub\Cataract-1K\Phase_recognition_dataset\Training_Dataset\Viscoelastic_Suction\case_4924_Viscoelastic_Suction_0_07_22.550000-0_07_58.63333330fps.mp4,Viscoelastic_Suction,9
C:\Users\kit02\GitHub\Cataract-1K\Phase_recognition_dataset\Training_Dataset\Viscoelastic_Suction\case_4924_Viscoelastic_Suction_0_08_26.866667-0_08_49.38333330fps.mp4,Viscoelastic_Suction,9
C:\Users\kit02\GitHub\Cataract-1K\Phase_recognition_dataset\Training_Dataset\Viscoelastic_Suction\case_4927_Viscoelastic_Suction_0_09_08.048048-0_09_39.09576230fps.mp4,Viscoelastic_Suction,9
C:\Users\kit02\GitHub\Cataract-1K\Phase_recognition_dataset\Training_Dataset\Viscoelastic_Suction\case_4927_Viscoelastic_Suction_0_10_04.237571-0_10_22.63930630fps.mp4,Viscoelastic_Suction,9
C:\Users\kit02\GitHub\Cataract-1K\Phase_recognition_dataset\Training_Dataset\Viscoelastic_Suction\case_4939_Viscoelastic_Suction_0_04_11.750000-0_04_40.13333330fps.mp4,Viscoelastic_Suction,9
C:\Users\kit02\GitHub\Cataract-1K\Phase_recognition_dataset\Training_Dataset\Viscoelastic_Suction\case_4999_Viscoelastic_Suction_0_04_58.648649-0_05_08.52519230fps.mp4,Viscoelastic_Suction,9
C:\Users\kit02\GitHub\Cataract-1K\Phase_recognition_dataset\Training_Dataset\Viscoelastic_Suction\case_4999_Viscoelastic_Suction_0_05_28.678679-0_05_36.70337030fps.mp4,Viscoelastic_Suction,9
C:\Users\kit02\GitHub\Cataract-1K\Phase_recognition_dataset\Training_Dataset\Viscoelastic_Suction\case_5004_Viscoelastic_Suction_0_04_46.050000-0_05_04.58333330fps.mp4,Viscoelastic_Suction,9
C:\Users\kit02\GitHub\Cataract-1K\Phase_recognition_dataset\Training_Dataset\Viscoelastic_Suction\case_5004_Viscoelastic_Suction_0_05_19.100000-0_05_29.83333330fps.mp4,Viscoelastic_Suction,9
C:\Users\kit02\GitHub\Cataract-1K\Phase_recognition_dataset\Training_Dataset\Viscoelastic_Suction\case_5006_Viscoelastic_Suction_0_04_50.816667-0_05_11.13333330fps.mp4,Viscoelastic_Suction,9
C:\Users\kit02\GitHub\Cataract-1K\Phase_recognition_dataset\Training_Dataset\Viscoelastic_Suction\case_5006_Viscoelastic_Suction_0_05_21.850000-0_05_34.73333330fps.mp4,Viscoelastic_Suction,9
C:\Users\kit02\GitHub\Cataract-1K\Phase_recognition_dataset\Training_Dataset\Viscoelastic_Suction\case_5011_Viscoelastic_Suction_0_04_48.922256-0_05_07.12379030fps.mp4,Viscoelastic_Suction,9
C:\Users\kit02\GitHub\Cataract-1K\Phase_recognition_dataset\Training_Dataset\Viscoelastic_Suction\case_5011_Viscoelastic_Suction_0_05_22.722723-0_05_31.78178230fps.mp4,Viscoelastic_Suction,9
C:\Users\kit02\GitHub\Cataract-1K\Phase_recognition_dataset\Training_Dataset\Viscoelastic_Suction\case_5013_Viscoelastic_Suction_0_04_45.318652-0_04_57.34734730fps.mp4,Viscoelastic_Suction,9
C:\Users\kit02\GitHub\Cataract-1K\Phase_recognition_dataset\Training_Dataset\Viscoelastic_Suction\case_5013_Viscoelastic_Suction_0_05_10.310310-0_05_18.35168530fps.mp4,Viscoelastic_Suction,9
C:\Users\kit02\GitHub\Cataract-1K\Phase_recognition_dataset\Training_Dataset\Viscoelastic_Suction\case_5014_Viscoelastic_Suction_0_05_38.800000-0_05_49.75000030fps.mp4,Viscoelastic_Suction,9
C:\Users\kit02\GitHub\Cataract-1K\Phase_recognition_dataset\Training_Dataset\Viscoelastic_Suction\case_5014_Viscoelastic_Suction_0_06_03.900000-0_06_10.70000030fps.mp4,Viscoelastic_Suction,9
C:\Users\kit02\GitHub\Cataract-1K\Phase_recognition_dataset\Training_Dataset\Viscoelastic_Suction\case_5015_Viscoelastic_Suction_0_04_22.666667-0_04_40.48333330fps.mp4,Viscoelastic_Suction,9
C:\Users\kit02\GitHub\Cataract-1K\Phase_recognition_dataset\Training_Dataset\Viscoelastic_Suction\case_5015_Viscoelastic_Suction_0_04_57-0_05_10.30000030fps.mp4,Viscoelastic_Suction,9
C:\Users\kit02\GitHub\Cataract-1K\Phase_recognition_dataset\Training_Dataset\Viscoelastic_Suction\case_5016_Viscoelastic_Suction_0_04_38.950000-0_04_52.08333330fps.mp4,Viscoelastic_Suction,9
C:\Users\kit02\GitHub\Cataract-1K\Phase_recognition_dataset\Training_Dataset\Viscoelastic_Suction\case_5016_Viscoelastic_Suction_0_05_11.650000-0_05_23.18333330fps.mp4,Viscoelastic_Suction,9
C:\Users\kit02\GitHub\Cataract-1K\Phase_recognition_dataset\Training_Dataset\Viscoelastic_Suction\case_5016_Viscoelastic_Suction_0_05_50.166667-0_05_54.25000030fps.mp4,Viscoelastic_Suction,9
C:\Users\kit02\GitHub\Cataract-1K\Phase_recognition_dataset\Training_Dataset\Viscoelastic_Suction\case_5017_Viscoelastic_Suction_0_04_54.350000-0_05_04.68333330fps.mp4,Viscoelastic_Suction,9
C:\Users\kit02\GitHub\Cataract-1K\Phase_recognition_dataset\Training_Dataset\Viscoelastic_Suction\case_5017_Viscoelastic_Suction_0_05_17.350000-0_05_23.75000030fps.mp4,Viscoelastic_Suction,9
C:\Users\kit02\GitHub\Cataract-1K\Phase_recognition_dataset\Training_Dataset\Viscoelastic_Suction\case_5032_Viscoelastic_Suction_0_03_57.800000-0_04_32.58333330fps.mp4,Viscoelastic_Suction,9
C:\Users\kit02\GitHub\Cataract-1K\Phase_recognition_dataset\Training_Dataset\Viscoelastic_Suction\case_5051_Viscoelastic_Suction_0_03_58.405072-0_04_04.37771130fps.mp4,Viscoelastic_Suction,9
C:\Users\kit02\GitHub\Cataract-1K\Phase_recognition_dataset\Training_Dataset\Viscoelastic_Suction\case_5051_Viscoelastic_Suction_0_04_19.959960-0_04_26.29963330fps.mp4,Viscoelastic_Suction,9
C:\Users\kit02\GitHub\Cataract-1K\Phase_recognition_dataset\Training_Dataset\Viscoelastic_Suction\case_5057_Viscoelastic_Suction_0_04_55.900000-0_05_04.58333330fps.mp4,Viscoelastic_Suction,9
C:\Users\kit02\GitHub\Cataract-1K\Phase_recognition_dataset\Training_Dataset\Viscoelastic_Suction\case_5057_Viscoelastic_Suction_0_05_23.966667-0_05_35.18333330fps.mp4,Viscoelastic_Suction,9
C:\Users\kit02\GitHub\Cataract-1K\Phase_recognition_dataset\Training_Dataset\Viscoelastic_Suction\case_5058_Viscoelastic_Suction_0_04_47.800000-0_05_24.28333330fps.mp4,Viscoelastic_Suction,9
C:\Users\kit02\GitHub\Cataract-1K\Phase_recognition_dataset\Training_Dataset\Viscoelastic_Suction\case_5058_Viscoelastic_Suction_0_05_44.850000-0_05_58.65000030fps.mp4,Viscoelastic_Suction,9
C:\Users\kit02\GitHub\Cataract-1K\Phase_recognition_dataset\Training_Dataset\Viscoelastic_Suction\case_5063_Viscoelastic_Suction_0_04_26.450000-0_04_45.18333330fps.mp4,Viscoelastic_Suction,9
C:\Users\kit02\GitHub\Cataract-1K\Phase_recognition_dataset\Training_Dataset\Viscoelastic_Suction\case_5063_Viscoelastic_Suction_0_04_45.650000-0_04_57.15000030fps.mp4,Viscoelastic_Suction,9
C:\Users\kit02\GitHub\Cataract-1K\Phase_recognition_dataset\Training_Dataset\Viscoelastic_Suction\case_5063_Viscoelastic_Suction_0_05_47.350000-0_05_54.55000030fps.mp4,Viscoelastic_Suction,9
C:\Users\kit02\GitHub\Cataract-1K\Phase_recognition_dataset\Training_Dataset\Viscoelastic_Suction\case_5072_Viscoelastic_Suction_0_04_57.797798-0_05_07.97464130fps.mp4,Viscoelastic_Suction,9
C:\Users\kit02\GitHub\Cataract-1K\Phase_recognition_dataset\Training_Dataset\Viscoelastic_Suction\case_5104_Viscoelastic_Suction_0_14_14.116667-0_14_53.25000030fps.mp4,Viscoelastic_Suction,9
C:\Users\kit02\GitHub\Cataract-1K\Phase_recognition_dataset\Training_Dataset\Viscoelastic_Suction\case_5104_Viscoelastic_Suction_0_15_16.766667-0_15_28.68333330fps.mp4,Viscoelastic_Suction,9
C:\Users\kit02\GitHub\Cataract-1K\Phase_recognition_dataset\Training_Dataset\Viscoelastic_Suction\case_5261_Viscoelastic_Suction_0_04_47.166667-0_04_56.83333330fps.mp4,Viscoelastic_Suction,9
C:\Users\kit02\GitHub\Cataract-1K\Phase_recognition_dataset\Training_Dataset\Viscoelastic_Suction\case_5261_Viscoelastic_Suction_0_05_17.150000-0_05_35.48333330fps.mp4,Viscoelastic_Suction,9
C:\Users\kit02\GitHub\Cataract-1K\Phase_recognition_dataset\Training_Dataset\Viscoelastic_Suction\case_5300_Viscoelastic_Suction_0_04_05.300000-0_04_14.93333330fps.mp4,Viscoelastic_Suction,9
C:\Users\kit02\GitHub\Cataract-1K\Phase_recognition_dataset\Training_Dataset\Viscoelastic_Suction\case_5300_Viscoelastic_Suction_0_04_30.850000-0_04_37.15000030fps.mp4,Viscoelastic_Suction,9
C:\Users\kit02\GitHub\Cataract-1K\Phase_recognition_dataset\Training_Dataset\Viscoelastic_Suction\case_5301_Viscoelastic_Suction_0_03_28.124791-0_03_34.93159830fps.mp4,Viscoelastic_Suction,9
C:\Users\kit02\GitHub\Cataract-1K\Phase_recognition_dataset\Training_Dataset\Viscoelastic_Suction\case_5301_Viscoelastic_Suction_0_03_54.567901-0_04_01.80847530fps.mp4,Viscoelastic_Suction,9
C:\Users\kit02\GitHub\Cataract-1K\Phase_recognition_dataset\Training_Dataset\Viscoelastic_Suction\case_5303_Viscoelastic_Suction_0_03_32.445779-0_03_41.28795530fps.mp4,Viscoelastic_Suction,9
C:\Users\kit02\GitHub\Cataract-1K\Phase_recognition_dataset\Training_Dataset\Viscoelastic_Suction\case_5303_Viscoelastic_Suction_0_03_56.252920-0_04_03.74374430fps.mp4,Viscoelastic_Suction,9
C:\Users\kit02\GitHub\Cataract-1K\Phase_recognition_dataset\Training_Dataset\Viscoelastic_Suction\case_5304_Viscoelastic_Suction_0_03_21.850000-0_03_35.65000030fps.mp4,Viscoelastic_Suction,9
C:\Users\kit02\GitHub\Cataract-1K\Phase_recognition_dataset\Training_Dataset\Viscoelastic_Suction\case_5305_Viscoelastic_Suction_0_03_25.872539-0_03_36.53320030fps.mp4,Viscoelastic_Suction,9
C:\Users\kit02\GitHub\Cataract-1K\Phase_recognition_dataset\Training_Dataset\Viscoelastic_Suction\case_5305_Viscoelastic_Suction_0_03_43.356690-0_03_58.68868930fps.mp4,Viscoelastic_Suction,9
C:\Users\kit02\GitHub\Cataract-1K\Phase_recognition_dataset\Training_Dataset\Viscoelastic_Suction\case_5305_Viscoelastic_Suction_0_04_28.918919-0_04_40.78078130fps.mp4,Viscoelastic_Suction,9
C:\Users\kit02\GitHub\Cataract-1K\Phase_recognition_dataset\Training_Dataset\Viscoelastic_Suction\case_5305_Viscoelastic_Suction_0_05_31.748415-0_05_39.42275630fps.mp4,Viscoelastic_Suction,9
C:\Users\kit02\GitHub\Cataract-1K\Phase_recognition_dataset\Training_Dataset\Viscoelastic_Suction\case_5309_Viscoelastic_Suction_0_04_22.479146-0_04_36.77677730fps.mp4,Viscoelastic_Suction,9
C:\Users\kit02\GitHub\Cataract-1K\Phase_recognition_dataset\Training_Dataset\Viscoelastic_Suction\case_5309_Viscoelastic_Suction_0_04_58.114781-0_05_08.54187530fps.mp4,Viscoelastic_Suction,9
C:\Users\kit02\GitHub\Cataract-1K\Phase_recognition_dataset\Training_Dataset\Viscoelastic_Suction\case_5311_Viscoelastic_Suction_0_05_33.800000-0_05_49.13333330fps.mp4,Viscoelastic_Suction,9
C:\Users\kit02\GitHub\Cataract-1K\Phase_recognition_dataset\Training_Dataset\Viscoelastic_Suction\case_5314_Viscoelastic_Suction_0_04_03.500000-0_04_16.65000030fps.mp4,Viscoelastic_Suction,9
C:\Users\kit02\GitHub\Cataract-1K\Phase_recognition_dataset\Training_Dataset\Viscoelastic_Suction\case_5314_Viscoelastic_Suction_0_04_32.050000-0_05_08.35000030fps.mp4,Viscoelastic_Suction,9
C:\Users\kit02\GitHub\Cataract-1K\Phase_recognition_dataset\Training_Dataset\Viscoelastic_Suction\case_5315_Viscoelastic_Suction_0_04_42.899566-0_05_00.26693430fps.mp4,Viscoelastic_Suction,9
C:\Users\kit02\GitHub\Cataract-1K\Phase_recognition_dataset\Training_Dataset\Viscoelastic_Suction\case_5315_Viscoelastic_Suction_0_05_23.023023-0_05_42.94294330fps.mp4,Viscoelastic_Suction,9
C:\Users\kit02\GitHub\Cataract-1K\Phase_recognition_dataset\Training_Dataset\Viscoelastic_Suction\case_5316_Viscoelastic_Suction_0_04_15.766667-0_04_28.43333330fps.mp4,Viscoelastic_Suction,9
C:\Users\kit02\GitHub\Cataract-1K\Phase_recognition_dataset\Training_Dataset\Viscoelastic_Suction\case_5316_Viscoelastic_Suction_0_04_47.916667-0_04_54.08333330fps.mp4,Viscoelastic_Suction,9
C:\Users\kit02\GitHub\Cataract-1K\Phase_recognition_dataset\Training_Dataset\Viscoelastic_Suction\case_5316_Viscoelastic_Suction_0_05_10.550000-0_05_15.33333330fps.mp4,Viscoelastic_Suction,9
C:\Users\kit02\GitHub\Cataract-1K\Phase_recognition_dataset\Training_Dataset\Viscoelastic_Suction\case_5317_Viscoelastic_Suction_0_03_51.500000-0_04_00.58333330fps.mp4,Viscoelastic_Suction,9
C:\Users\kit02\GitHub\Cataract-1K\Phase_recognition_dataset\Training_Dataset\Viscoelastic_Suction\case_5317_Viscoelastic_Suction_0_04_17.450000-0_04_22.88333330fps.mp4,Viscoelastic_Suction,9
C:\Users\kit02\GitHub\Cataract-1K\Phase_recognition_dataset\Training_Dataset\Viscoelastic_Suction\case_5319_Viscoelastic_Suction_0_07_24.700000-0_08_17.13333330fps.mp4,Viscoelastic_Suction,9
C:\Users\kit02\GitHub\Cataract-1K\Phase_recognition_dataset\Training_Dataset\Viscoelastic_Suction\case_5329_Viscoelastic_Suction_0_05_05.972639-0_05_18.70203530fps.mp4,Viscoelastic_Suction,9
C:\Users\kit02\GitHub\Cataract-1K\Phase_recognition_dataset\Training_Dataset\Viscoelastic_Suction\case_5329_Viscoelastic_Suction_0_05_41.408075-0_05_52.51918630fps.mp4,Viscoelastic_Suction,9
C:\Users\kit02\GitHub\Cataract-1K\Phase_recognition_dataset\Training_Dataset\Viscoelastic_Suction\case_5331_Viscoelastic_Suction_0_05_05.116667-0_05_33.53333330fps.mp4,Viscoelastic_Suction,9
C:\Users\kit02\GitHub\Cataract-1K\Phase_recognition_dataset\Training_Dataset\Viscoelastic_Suction\case_5331_Viscoelastic_Suction_0_05_49-0_05_56.63333330fps.mp4,Viscoelastic_Suction,9
C:\Users\kit02\GitHub\Cataract-1K\Phase_recognition_dataset\Training_Dataset\Viscoelastic_Suction\case_5334_Viscoelastic_Suction_0_05_12.028695-0_05_31.59826530fps.mp4,Viscoelastic_Suction,9
C:\Users\kit02\GitHub\Cataract-1K\Phase_recognition_dataset\Training_Dataset\Viscoelastic_Suction\case_5334_Viscoelastic_Suction_0_05_31.815148-0_05_36.30297030fps.mp4,Viscoelastic_Suction,9
C:\Users\kit02\GitHub\Cataract-1K\Phase_recognition_dataset\Training_Dataset\Viscoelastic_Suction\case_5334_Viscoelastic_Suction_0_05_56.639973-0_06_06.24958330fps.mp4,Viscoelastic_Suction,9
C:\Users\kit02\GitHub\Cataract-1K\Phase_recognition_dataset\Training_Dataset\Viscoelastic_Suction\case_5335_Viscoelastic_Suction_0_04_59.500000-0_05_17.93333330fps.mp4,Viscoelastic_Suction,9
C:\Users\kit02\GitHub\Cataract-1K\Phase_recognition_dataset\Training_Dataset\Viscoelastic_Suction\case_5335_Viscoelastic_Suction_0_05_36.250000-0_05_43.65000030fps.mp4,Viscoelastic_Suction,9
C:\Users\kit02\GitHub\Cataract-1K\Phase_recognition_dataset\Training_Dataset\Viscoelastic_Suction\case_5340_Viscoelastic_Suction_0_04_36.192860-0_04_54.29429430fps.mp4,Viscoelastic_Suction,9
C:\Users\kit02\GitHub\Cataract-1K\Phase_recognition_dataset\Training_Dataset\Viscoelastic_Suction\case_5340_Viscoelastic_Suction_0_05_16.900234-0_05_31.13113130fps.mp4,Viscoelastic_Suction,9
C:\Users\kit02\GitHub\Cataract-1K\Phase_recognition_dataset\Training_Dataset\Anterior_ChamberFlushing\case_4709_Anterior_ChamberFlushing_0_07_05.966667-0_07_28.18333330fps.mp4,Anterior_ChamberFlushing,10
C:\Users\kit02\GitHub\Cataract-1K\Phase_recognition_dataset\Training_Dataset\Anterior_ChamberFlushing\case_4811_Anterior_ChamberFlushing_0_06_08.685352-0_06_26.15281930fps.mp4,Anterior_ChamberFlushing,10
C:\Users\kit02\GitHub\Cataract-1K\Phase_recognition_dataset\Training_Dataset\Anterior_ChamberFlushing\case_4816_Anterior_ChamberFlushing_0_04_40.100000-0_04_56.50000030fps.mp4,Anterior_ChamberFlushing,10
C:\Users\kit02\GitHub\Cataract-1K\Phase_recognition_dataset\Training_Dataset\Anterior_ChamberFlushing\case_4816_Anterior_ChamberFlushing_0_04_58.316667-0_05_09.88333330fps.mp4,Anterior_ChamberFlushing,10
C:\Users\kit02\GitHub\Cataract-1K\Phase_recognition_dataset\Training_Dataset\Anterior_ChamberFlushing\case_4852_Anterior_ChamberFlushing_0_08_59.889890-0_09_09.28261630fps.mp4,Anterior_ChamberFlushing,10
C:\Users\kit02\GitHub\Cataract-1K\Phase_recognition_dataset\Training_Dataset\Anterior_ChamberFlushing\case_4859_Anterior_ChamberFlushing_0_09_25.816667-0_09_37.20000030fps.mp4,Anterior_ChamberFlushing,10
C:\Users\kit02\GitHub\Cataract-1K\Phase_recognition_dataset\Training_Dataset\Anterior_ChamberFlushing\case_4863_Anterior_ChamberFlushing_0_06_30.300000-0_06_48.66666730fps.mp4,Anterior_ChamberFlushing,10
C:\Users\kit02\GitHub\Cataract-1K\Phase_recognition_dataset\Training_Dataset\Anterior_ChamberFlushing\case_4864_Anterior_ChamberFlushing_0_08_22.700000-0_08_30.60000030fps.mp4,Anterior_ChamberFlushing,10
C:\Users\kit02\GitHub\Cataract-1K\Phase_recognition_dataset\Training_Dataset\Anterior_ChamberFlushing\case_4874_Anterior_ChamberFlushing_0_04_48.400000-0_05_00.28333330fps.mp4,Anterior_ChamberFlushing,10
C:\Users\kit02\GitHub\Cataract-1K\Phase_recognition_dataset\Training_Dataset\Anterior_ChamberFlushing\case_4888_Anterior_ChamberFlushing_0_03_52.465799-0_03_57.92125530fps.mp4,Anterior_ChamberFlushing,10
C:\Users\kit02\GitHub\Cataract-1K\Phase_recognition_dataset\Training_Dataset\Anterior_ChamberFlushing\case_4899_Anterior_ChamberFlushing_0_06_32.750000-0_06_52.43333330fps.mp4,Anterior_ChamberFlushing,10
C:\Users\kit02\GitHub\Cataract-1K\Phase_recognition_dataset\Training_Dataset\Anterior_ChamberFlushing\case_4923_Anterior_ChamberFlushing_0_08_53.566667-0_09_09.98333330fps.mp4,Anterior_ChamberFlushing,10
C:\Users\kit02\GitHub\Cataract-1K\Phase_recognition_dataset\Training_Dataset\Anterior_ChamberFlushing\case_4924_Anterior_ChamberFlushing_0_08_00.516667-0_08_12.88333330fps.mp4,Anterior_ChamberFlushing,10
C:\Users\kit02\GitHub\Cataract-1K\Phase_recognition_dataset\Training_Dataset\Anterior_ChamberFlushing\case_4924_Anterior_ChamberFlushing_0_08_14.433333-0_08_24.28333330fps.mp4,Anterior_ChamberFlushing,10
C:\Users\kit02\GitHub\Cataract-1K\Phase_recognition_dataset\Training_Dataset\Anterior_ChamberFlushing\case_4927_Anterior_ChamberFlushing_0_09_44.718051-0_10_02.18551930fps.mp4,Anterior_ChamberFlushing,10
C:\Users\kit02\GitHub\Cataract-1K\Phase_recognition_dataset\Training_Dataset\Anterior_ChamberFlushing\case_4999_Anterior_ChamberFlushing_0_05_10.994328-0_05_27.12712730fps.mp4,Anterior_ChamberFlushing,10
C:\Users\kit02\GitHub\Cataract-1K\Phase_recognition_dataset\Training_Dataset\Anterior_ChamberFlushing\case_4999_Anterior_ChamberFlushing_0_05_38.588589-0_05_46.12946330fps.mp4,Anterior_ChamberFlushing,10
C:\Users\kit02\GitHub\Cataract-1K\Phase_recognition_dataset\Training_Dataset\Anterior_ChamberFlushing\case_5004_Anterior_ChamberFlushing_0_05_07-0_05_17.63333330fps.mp4,Anterior_ChamberFlushing,10
C:\Users\kit02\GitHub\Cataract-1K\Phase_recognition_dataset\Training_Dataset\Anterior_ChamberFlushing\case_5006_Anterior_ChamberFlushing_0_05_13.250000-0_05_20.28333330fps.mp4,Anterior_ChamberFlushing,10
C:\Users\kit02\GitHub\Cataract-1K\Phase_recognition_dataset\Training_Dataset\Anterior_ChamberFlushing\case_5011_Anterior_ChamberFlushing_0_05_09.859860-0_05_18.40173530fps.mp4,Anterior_ChamberFlushing,10
C:\Users\kit02\GitHub\Cataract-1K\Phase_recognition_dataset\Training_Dataset\Anterior_ChamberFlushing\case_5013_Anterior_ChamberFlushing_0_04_59.849850-0_05_09.10910930fps.mp4,Anterior_ChamberFlushing,10
C:\Users\kit02\GitHub\Cataract-1K\Phase_recognition_dataset\Training_Dataset\Anterior_ChamberFlushing\case_5014_Anterior_ChamberFlushing_0_05_52.900000-0_06_02.20000030fps.mp4,Anterior_ChamberFlushing,10
C:\Users\kit02\GitHub\Cataract-1K\Phase_recognition_dataset\Training_Dataset\Anterior_ChamberFlushing\case_5015_Anterior_ChamberFlushing_0_04_43.350000-0_04_55.83333330fps.mp4,Anterior_ChamberFlushing,10
C:\Users\kit02\GitHub\Cataract-1K\Phase_recognition_dataset\Training_Dataset\Anterior_ChamberFlushing\case_5016_Anterior_ChamberFlushing_0_04_57.600000-0_05_10.58333330fps.mp4,Anterior_ChamberFlushing,10
C:\Users\kit02\GitHub\Cataract-1K\Phase_recognition_dataset\Training_Dataset\Anterior_ChamberFlushing\case_5017_Anterior_ChamberFlushing_0_05_06.850000-0_05_15.38333330fps.mp4,Anterior_ChamberFlushing,10
C:\Users\kit02\GitHub\Cataract-1K\Phase_recognition_dataset\Training_Dataset\Anterior_ChamberFlushing\case_5051_Anterior_ChamberFlushing_0_04_07.364031-0_04_17.97464130fps.mp4,Anterior_ChamberFlushing,10
C:\Users\kit02\GitHub\Cataract-1K\Phase_recognition_dataset\Training_Dataset\Anterior_ChamberFlushing\case_5057_Anterior_ChamberFlushing_0_05_07.250000-0_05_22.03333330fps.mp4,Anterior_ChamberFlushing,10
C:\Users\kit02\GitHub\Cataract-1K\Phase_recognition_dataset\Training_Dataset\Anterior_ChamberFlushing\case_5058_Anterior_ChamberFlushing_0_05_26.300000-0_05_42.78333330fps.mp4,Anterior_ChamberFlushing,10
C:\Users\kit02\GitHub\Cataract-1K\Phase_recognition_dataset\Training_Dataset\Anterior_ChamberFlushing\case_5072_Anterior_ChamberFlushing_0_05_09.676343-0_05_25.70904230fps.mp4,Anterior_ChamberFlushing,10
C:\Users\kit02\GitHub\Cataract-1K\Phase_recognition_dataset\Training_Dataset\Anterior_ChamberFlushing\case_5104_Anterior_ChamberFlushing_0_14_56.550000-0_15_13.25000030fps.mp4,Anterior_ChamberFlushing,10
C:\Users\kit02\GitHub\Cataract-1K\Phase_recognition_dataset\Training_Dataset\Anterior_ChamberFlushing\case_5261_Anterior_ChamberFlushing_0_05_00.366667-0_05_15.05000030fps.mp4,Anterior_ChamberFlushing,10
C:\Users\kit02\GitHub\Cataract-1K\Phase_recognition_dataset\Training_Dataset\Anterior_ChamberFlushing\case_5300_Anterior_ChamberFlushing_0_04_18.416667-0_04_28.78333330fps.mp4,Anterior_ChamberFlushing,10
C:\Users\kit02\GitHub\Cataract-1K\Phase_recognition_dataset\Training_Dataset\Anterior_ChamberFlushing\case_5301_Anterior_ChamberFlushing_0_03_36.900234-0_03_52.49916630fps.mp4,Anterior_ChamberFlushing,10
C:\Users\kit02\GitHub\Cataract-1K\Phase_recognition_dataset\Training_Dataset\Anterior_ChamberFlushing\case_5303_Anterior_ChamberFlushing_0_03_44.207541-0_03_54.53453530fps.mp4,Anterior_ChamberFlushing,10
C:\Users\kit02\GitHub\Cataract-1K\Phase_recognition_dataset\Training_Dataset\Anterior_ChamberFlushing\case_5304_Anterior_ChamberFlushing_0_03_38.100000-0_03_46.48333330fps.mp4,Anterior_ChamberFlushing,10
C:\Users\kit02\GitHub\Cataract-1K\Phase_recognition_dataset\Training_Dataset\Anterior_ChamberFlushing\case_5305_Anterior_ChamberFlushing_0_04_01.207875-0_04_15.32198930fps.mp4,Anterior_ChamberFlushing,10
C:\Users\kit02\GitHub\Cataract-1K\Phase_recognition_dataset\Training_Dataset\Anterior_ChamberFlushing\case_5305_Anterior_ChamberFlushing_0_04_15.572239-0_04_21.66166230fps.mp4,Anterior_ChamberFlushing,10
C:\Users\kit02\GitHub\Cataract-1K\Phase_recognition_dataset\Training_Dataset\Anterior_ChamberFlushing\case_5309_Anterior_ChamberFlushing_0_04_38.595262-0_04_55.71237930fps.mp4,Anterior_ChamberFlushing,10
C:\Users\kit02\GitHub\Cataract-1K\Phase_recognition_dataset\Training_Dataset\Anterior_ChamberFlushing\case_5311_Anterior_ChamberFlushing_0_05_51.550000-0_06_00.50000030fps.mp4,Anterior_ChamberFlushing,10
C:\Users\kit02\GitHub\Cataract-1K\Phase_recognition_dataset\Training_Dataset\Anterior_ChamberFlushing\case_5314_Anterior_ChamberFlushing_0_04_18.450000-0_04_29.90000030fps.mp4,Anterior_ChamberFlushing,10
C:\Users\kit02\GitHub\Cataract-1K\Phase_recognition_dataset\Training_Dataset\Anterior_ChamberFlushing\case_5315_Anterior_ChamberFlushing_0_05_02.769436-0_05_21.27127130fps.mp4,Anterior_ChamberFlushing,10
C:\Users\kit02\GitHub\Cataract-1K\Phase_recognition_dataset\Training_Dataset\Anterior_ChamberFlushing\case_5316_Anterior_ChamberFlushing_0_04_30.300000-0_04_46.18333330fps.mp4,Anterior_ChamberFlushing,10
C:\Users\kit02\GitHub\Cataract-1K\Phase_recognition_dataset\Training_Dataset\Anterior_ChamberFlushing\case_5316_Anterior_ChamberFlushing_0_04_56-0_05_06.70000030fps.mp4,Anterior_ChamberFlushing,10
C:\Users\kit02\GitHub\Cataract-1K\Phase_recognition_dataset\Training_Dataset\Anterior_ChamberFlushing\case_5317_Anterior_ChamberFlushing_0_04_03.700000-0_04_15.53333330fps.mp4,Anterior_ChamberFlushing,10
C:\Users\kit02\GitHub\Cataract-1K\Phase_recognition_dataset\Training_Dataset\Anterior_ChamberFlushing\case_5329_Anterior_ChamberFlushing_0_05_20.987654-0_05_35.26860230fps.mp4,Anterior_ChamberFlushing,10
C:\Users\kit02\GitHub\Cataract-1K\Phase_recognition_dataset\Training_Dataset\Anterior_ChamberFlushing\case_5331_Anterior_ChamberFlushing_0_05_35.400000-0_05_47.65000030fps.mp4,Anterior_ChamberFlushing,10
C:\Users\kit02\GitHub\Cataract-1K\Phase_recognition_dataset\Training_Dataset\Anterior_ChamberFlushing\case_5334_Anterior_ChamberFlushing_0_05_38.972306-0_05_54.65465530fps.mp4,Anterior_ChamberFlushing,10
C:\Users\kit02\GitHub\Cataract-1K\Phase_recognition_dataset\Training_Dataset\Anterior_ChamberFlushing\case_5335_Anterior_ChamberFlushing_0_05_21.150000-0_05_34.13333330fps.mp4,Anterior_ChamberFlushing,10
C:\Users\kit02\GitHub\Cataract-1K\Phase_recognition_dataset\Training_Dataset\Anterior_ChamberFlushing\case_5340_Anterior_ChamberFlushing_0_04_56.563230-0_05_15.34868230fps.mp4,Anterior_ChamberFlushing,10
C:\Users\kit02\GitHub\Cataract-1K\Phase_recognition_dataset\Training_Dataset\Tonifying_Antibiotics\case_4687_Tonifying_Antibiotics_0_04_11.017684-0_04_36.74341030fps.mp4,Tonifying_Antibiotics,11
C:\Users\kit02\GitHub\Cataract-1K\Phase_recognition_dataset\Training_Dataset\Tonifying_Antibiotics\case_4687_Tonifying_Antibiotics_0_04_38.345012-0_04_42.43243230fps.mp4,Tonifying_Antibiotics,11
C:\Users\kit02\GitHub\Cataract-1K\Phase_recognition_dataset\Training_Dataset\Tonifying_Antibiotics\case_4695_Tonifying_Antibiotics_0_05_06.016667-0_05_22.83333330fps.mp4,Tonifying_Antibiotics,11
C:\Users\kit02\GitHub\Cataract-1K\Phase_recognition_dataset\Training_Dataset\Tonifying_Antibiotics\case_4697_Tonifying_Antibiotics_0_03_48.650000-0_03_59.63333330fps.mp4,Tonifying_Antibiotics,11
C:\Users\kit02\GitHub\Cataract-1K\Phase_recognition_dataset\Training_Dataset\Tonifying_Antibiotics\case_4709_Tonifying_Antibiotics_0_07_52.066667-0_08_10.78333330fps.mp4,Tonifying_Antibiotics,11
C:\Users\kit02\GitHub\Cataract-1K\Phase_recognition_dataset\Training_Dataset\Tonifying_Antibiotics\case_4709_Tonifying_Antibiotics_0_08_11.100000-0_08_15.43333330fps.mp4,Tonifying_Antibiotics,11
C:\Users\kit02\GitHub\Cataract-1K\Phase_recognition_dataset\Training_Dataset\Tonifying_Antibiotics\case_4750_Tonifying_Antibiotics_0_05_08.300000-0_05_25.88333330fps.mp4,Tonifying_Antibiotics,11
C:\Users\kit02\GitHub\Cataract-1K\Phase_recognition_dataset\Training_Dataset\Tonifying_Antibiotics\case_4811_Tonifying_Antibiotics_0_06_38.948949-0_06_54.43109830fps.mp4,Tonifying_Antibiotics,11
C:\Users\kit02\GitHub\Cataract-1K\Phase_recognition_dataset\Training_Dataset\Tonifying_Antibiotics\case_4816_Tonifying_Antibiotics_0_05_24.316667-0_05_36.38333330fps.mp4,Tonifying_Antibiotics,11
C:\Users\kit02\GitHub\Cataract-1K\Phase_recognition_dataset\Training_Dataset\Tonifying_Antibiotics\case_4816_Tonifying_Antibiotics_0_05_39.116667-0_05_45.15000030fps.mp4,Tonifying_Antibiotics,11
C:\Users\kit02\GitHub\Cataract-1K\Phase_recognition_dataset\Training_Dataset\Tonifying_Antibiotics\case_4852_Tonifying_Antibiotics_0_09_29.152486-0_09_43.83383430fps.mp4,Tonifying_Antibiotics,11
C:\Users\kit02\GitHub\Cataract-1K\Phase_recognition_dataset\Training_Dataset\Tonifying_Antibiotics\case_4859_Tonifying_Antibiotics_0_09_58.900000-0_10_09.90000030fps.mp4,Tonifying_Antibiotics,11
C:\Users\kit02\GitHub\Cataract-1K\Phase_recognition_dataset\Training_Dataset\Tonifying_Antibiotics\case_4863_Tonifying_Antibiotics_0_07_14.566667-0_07_22.03333330fps.mp4,Tonifying_Antibiotics,11
C:\Users\kit02\GitHub\Cataract-1K\Phase_recognition_dataset\Training_Dataset\Tonifying_Antibiotics\case_4864_Tonifying_Antibiotics_0_08_43.650000-0_08_58.85000030fps.mp4,Tonifying_Antibiotics,11
C:\Users\kit02\GitHub\Cataract-1K\Phase_recognition_dataset\Training_Dataset\Tonifying_Antibiotics\case_4864_Tonifying_Antibiotics_0_09_01.316667-0_09_13.18333330fps.mp4,Tonifying_Antibiotics,11
C:\Users\kit02\GitHub\Cataract-1K\Phase_recognition_dataset\Training_Dataset\Tonifying_Antibiotics\case_4888_Tonifying_Antibiotics_0_04_09.566233-0_04_25.29863230fps.mp4,Tonifying_Antibiotics,11
C:\Users\kit02\GitHub\Cataract-1K\Phase_recognition_dataset\Training_Dataset\Tonifying_Antibiotics\case_4888_Tonifying_Antibiotics_0_04_33.406740-0_04_39.31264630fps.mp4,Tonifying_Antibiotics,11
C:\Users\kit02\GitHub\Cataract-1K\Phase_recognition_dataset\Training_Dataset\Tonifying_Antibiotics\case_4888_Tonifying_Antibiotics_0_04_41.097764-0_04_45.38538530fps.mp4,Tonifying_Antibiotics,11
C:\Users\kit02\GitHub\Cataract-1K\Phase_recognition_dataset\Training_Dataset\Tonifying_Antibiotics\case_4899_Tonifying_Antibiotics_0_07_03.716667-0_07_30.53333330fps.mp4,Tonifying_Antibiotics,11
C:\Users\kit02\GitHub\Cataract-1K\Phase_recognition_dataset\Training_Dataset\Tonifying_Antibiotics\case_4899_Tonifying_Antibiotics_0_07_34.016667-0_07_37.98333330fps.mp4,Tonifying_Antibiotics,11
C:\Users\kit02\GitHub\Cataract-1K\Phase_recognition_dataset\Training_Dataset\Tonifying_Antibiotics\case_4906_Tonifying_Antibiotics_0_06_05.450000-0_06_16.20000030fps.mp4,Tonifying_Antibiotics,11
C:\Users\kit02\GitHub\Cataract-1K\Phase_recognition_dataset\Training_Dataset\Tonifying_Antibiotics\case_4906_Tonifying_Antibiotics_0_06_18.900000-0_06_27.13333330fps.mp4,Tonifying_Antibiotics,11
C:\Users\kit02\GitHub\Cataract-1K\Phase_recognition_dataset\Training_Dataset\Tonifying_Antibiotics\case_4923_Tonifying_Antibiotics_0_09_43.816667-0_10_00.88333330fps.mp4,Tonifying_Antibiotics,11
C:\Users\kit02\GitHub\Cataract-1K\Phase_recognition_dataset\Training_Dataset\Tonifying_Antibiotics\case_4923_Tonifying_Antibiotics_0_10_03.866667-0_10_17.35000030fps.mp4,Tonifying_Antibiotics,11
C:\Users\kit02\GitHub\Cataract-1K\Phase_recognition_dataset\Training_Dataset\Tonifying_Antibiotics\case_4924_Tonifying_Antibiotics_0_08_51.900000-0_09_07.28333330fps.mp4,Tonifying_Antibiotics,11
C:\Users\kit02\GitHub\Cataract-1K\Phase_recognition_dataset\Training_Dataset\Tonifying_Antibiotics\case_4924_Tonifying_Antibiotics_0_09_09-0_09_25.38333330fps.mp4,Tonifying_Antibiotics,11
C:\Users\kit02\GitHub\Cataract-1K\Phase_recognition_dataset\Training_Dataset\Tonifying_Antibiotics\case_4927_Tonifying_Antibiotics_0_10_24.507841-0_10_42.40907630fps.mp4,Tonifying_Antibiotics,11
C:\Users\kit02\GitHub\Cataract-1K\Phase_recognition_dataset\Training_Dataset\Tonifying_Antibiotics\case_4927_Tonifying_Antibiotics_0_10_44.644645-0_10_50.63396730fps.mp4,Tonifying_Antibiotics,11
C:\Users\kit02\GitHub\Cataract-1K\Phase_recognition_dataset\Training_Dataset\Tonifying_Antibiotics\case_4927_Tonifying_Antibiotics_0_10_50.950951-0_10_58.05805830fps.mp4,Tonifying_Antibiotics,11
C:\Users\kit02\GitHub\Cataract-1K\Phase_recognition_dataset\Training_Dataset\Tonifying_Antibiotics\case_4939_Tonifying_Antibiotics_0_04_42.900000-0_05_01.63333330fps.mp4,Tonifying_Antibiotics,11
C:\Users\kit02\GitHub\Cataract-1K\Phase_recognition_dataset\Training_Dataset\Tonifying_Antibiotics\case_4999_Tonifying_Antibiotics_0_05_46.813480-0_05_54.95495530fps.mp4,Tonifying_Antibiotics,11
C:\Users\kit02\GitHub\Cataract-1K\Phase_recognition_dataset\Training_Dataset\Tonifying_Antibiotics\case_4999_Tonifying_Antibiotics_0_05_57.924591-0_06_01.69502830fps.mp4,Tonifying_Antibiotics,11
C:\Users\kit02\GitHub\Cataract-1K\Phase_recognition_dataset\Training_Dataset\Tonifying_Antibiotics\case_5004_Tonifying_Antibiotics_0_05_32.300000-0_05_44.05000030fps.mp4,Tonifying_Antibiotics,11
C:\Users\kit02\GitHub\Cataract-1K\Phase_recognition_dataset\Training_Dataset\Tonifying_Antibiotics\case_5004_Tonifying_Antibiotics_0_05_47.050000-0_05_52.10000030fps.mp4,Tonifying_Antibiotics,11
C:\Users\kit02\GitHub\Cataract-1K\Phase_recognition_dataset\Training_Dataset\Tonifying_Antibiotics\case_5006_Tonifying_Antibiotics_0_05_36.650000-0_05_48.68333330fps.mp4,Tonifying_Antibiotics,11
C:\Users\kit02\GitHub\Cataract-1K\Phase_recognition_dataset\Training_Dataset\Tonifying_Antibiotics\case_5006_Tonifying_Antibiotics_0_05_51.883333-0_05_56.90000030fps.mp4,Tonifying_Antibiotics,11
C:\Users\kit02\GitHub\Cataract-1K\Phase_recognition_dataset\Training_Dataset\Tonifying_Antibiotics\case_5011_Tonifying_Antibiotics_0_05_34.401068-0_05_46.96363030fps.mp4,Tonifying_Antibiotics,11
C:\Users\kit02\GitHub\Cataract-1K\Phase_recognition_dataset\Training_Dataset\Tonifying_Antibiotics\case_5011_Tonifying_Antibiotics_0_05_49.199199-0_05_54.90490530fps.mp4,Tonifying_Antibiotics,11
C:\Users\kit02\GitHub\Cataract-1K\Phase_recognition_dataset\Training_Dataset\Tonifying_Antibiotics\case_5013_Tonifying_Antibiotics_0_05_20.320320-0_05_30.48048030fps.mp4,Tonifying_Antibiotics,11
C:\Users\kit02\GitHub\Cataract-1K\Phase_recognition_dataset\Training_Dataset\Tonifying_Antibiotics\case_5013_Tonifying_Antibiotics_0_05_32.949616-0_05_36.70337030fps.mp4,Tonifying_Antibiotics,11
C:\Users\kit02\GitHub\Cataract-1K\Phase_recognition_dataset\Training_Dataset\Tonifying_Antibiotics\case_5014_Tonifying_Antibiotics_0_06_12.950000-0_06_17.43333330fps.mp4,Tonifying_Antibiotics,11
C:\Users\kit02\GitHub\Cataract-1K\Phase_recognition_dataset\Training_Dataset\Tonifying_Antibiotics\case_5014_Tonifying_Antibiotics_0_06_17.750000-0_06_25.65000030fps.mp4,Tonifying_Antibiotics,11
C:\Users\kit02\GitHub\Cataract-1K\Phase_recognition_dataset\Training_Dataset\Tonifying_Antibiotics\case_5014_Tonifying_Antibiotics_0_06_28.233333-0_06_31.70000030fps.mp4,Tonifying_Antibiotics,11
C:\Users\kit02\GitHub\Cataract-1K\Phase_recognition_dataset\Training_Dataset\Tonifying_Antibiotics\case_5015_Tonifying_Antibiotics_0_05_12.300000-0_05_26.23333330fps.mp4,Tonifying_Antibiotics,11
C:\Users\kit02\GitHub\Cataract-1K\Phase_recognition_dataset\Training_Dataset\Tonifying_Antibiotics\case_5015_Tonifying_Antibiotics_0_05_28.500000-0_05_32.25000030fps.mp4,Tonifying_Antibiotics,11
C:\Users\kit02\GitHub\Cataract-1K\Phase_recognition_dataset\Training_Dataset\Tonifying_Antibiotics\case_5016_Tonifying_Antibiotics_0_05_27.116667-0_05_38.70000030fps.mp4,Tonifying_Antibiotics,11
C:\Users\kit02\GitHub\Cataract-1K\Phase_recognition_dataset\Training_Dataset\Tonifying_Antibiotics\case_5016_Tonifying_Antibiotics_0_05_40.266667-0_05_48.33333330fps.mp4,Tonifying_Antibiotics,11
C:\Users\kit02\GitHub\Cataract-1K\Phase_recognition_dataset\Training_Dataset\Tonifying_Antibiotics\case_5016_Tonifying_Antibiotics_0_05_57.400000-0_06_03.25000030fps.mp4,Tonifying_Antibiotics,11
C:\Users\kit02\GitHub\Cataract-1K\Phase_recognition_dataset\Training_Dataset\Tonifying_Antibiotics\case_5017_Tonifying_Antibiotics_0_05_25.366667-0_05_38.18333330fps.mp4,Tonifying_Antibiotics,11
C:\Users\kit02\GitHub\Cataract-1K\Phase_recognition_dataset\Training_Dataset\Tonifying_Antibiotics\case_5032_Tonifying_Antibiotics_0_04_34.650000-0_04_52.63333330fps.mp4,Tonifying_Antibiotics,11
C:\Users\kit02\GitHub\Cataract-1K\Phase_recognition_dataset\Training_Dataset\Tonifying_Antibiotics\case_5032_Tonifying_Antibiotics_0_04_54.650000-0_04_58.48333330fps.mp4,Tonifying_Antibiotics,11
C:\Users\kit02\GitHub\Cataract-1K\Phase_recognition_dataset\Training_Dataset\Tonifying_Antibiotics\case_5051_Tonifying_Antibiotics_0_04_28.785452-0_04_43.04971630fps.mp4,Tonifying_Antibiotics,11
C:\Users\kit02\GitHub\Cataract-1K\Phase_recognition_dataset\Training_Dataset\Tonifying_Antibiotics\case_5057_Tonifying_Antibiotics_0_05_37.900000-0_05_49.23333330fps.mp4,Tonifying_Antibiotics,11
C:\Users\kit02\GitHub\Cataract-1K\Phase_recognition_dataset\Training_Dataset\Tonifying_Antibiotics\case_5058_Tonifying_Antibiotics_0_06_02.766667-0_06_28.15000030fps.mp4,Tonifying_Antibiotics,11
C:\Users\kit02\GitHub\Cataract-1K\Phase_recognition_dataset\Training_Dataset\Tonifying_Antibiotics\case_5063_Tonifying_Antibiotics_0_05_00.850000-0_05_43.50000030fps.mp4,Tonifying_Antibiotics,11
C:\Users\kit02\GitHub\Cataract-1K\Phase_recognition_dataset\Training_Dataset\Tonifying_Antibiotics\case_5063_Tonifying_Antibiotics_0_05_58.450000-0_06_04.63333330fps.mp4,Tonifying_Antibiotics,11
C:\Users\kit02\GitHub\Cataract-1K\Phase_recognition_dataset\Training_Dataset\Tonifying_Antibiotics\case_5072_Tonifying_Antibiotics_0_05_25.809142-0_05_28.97897930fps.mp4,Tonifying_Antibiotics,11
C:\Users\kit02\GitHub\Cataract-1K\Phase_recognition_dataset\Training_Dataset\Tonifying_Antibiotics\case_5104_Tonifying_Antibiotics_0_15_33.200000-0_15_55.06666730fps.mp4,Tonifying_Antibiotics,11
C:\Users\kit02\GitHub\Cataract-1K\Phase_recognition_dataset\Training_Dataset\Tonifying_Antibiotics\case_5261_Tonifying_Antibiotics_0_05_38.800000-0_05_58.30000030fps.mp4,Tonifying_Antibiotics,11
C:\Users\kit02\GitHub\Cataract-1K\Phase_recognition_dataset\Training_Dataset\Tonifying_Antibiotics\case_5261_Tonifying_Antibiotics_0_06_00.966667-0_06_07.28333330fps.mp4,Tonifying_Antibiotics,11
C:\Users\kit02\GitHub\Cataract-1K\Phase_recognition_dataset\Training_Dataset\Tonifying_Antibiotics\case_5300_Tonifying_Antibiotics_0_04_39.366667-0_04_49.98333330fps.mp4,Tonifying_Antibiotics,11
C:\Users\kit02\GitHub\Cataract-1K\Phase_recognition_dataset\Training_Dataset\Tonifying_Antibiotics\case_5300_Tonifying_Antibiotics_0_04_51.800000-0_04_57.55000030fps.mp4,Tonifying_Antibiotics,11
C:\Users\kit02\GitHub\Cataract-1K\Phase_recognition_dataset\Training_Dataset\Tonifying_Antibiotics\case_5301_Tonifying_Antibiotics_0_04_03.643644-0_04_13.82048730fps.mp4,Tonifying_Antibiotics,11
C:\Users\kit02\GitHub\Cataract-1K\Phase_recognition_dataset\Training_Dataset\Tonifying_Antibiotics\case_5301_Tonifying_Antibiotics_0_04_15.722389-0_04_20.02669330fps.mp4,Tonifying_Antibiotics,11
C:\Users\kit02\GitHub\Cataract-1K\Phase_recognition_dataset\Training_Dataset\Tonifying_Antibiotics\case_5303_Tonifying_Antibiotics_0_04_05.745746-0_04_16.57324030fps.mp4,Tonifying_Antibiotics,11
C:\Users\kit02\GitHub\Cataract-1K\Phase_recognition_dataset\Training_Dataset\Tonifying_Antibiotics\case_5303_Tonifying_Antibiotics_0_04_18.775442-0_04_24.13079730fps.mp4,Tonifying_Antibiotics,11
C:\Users\kit02\GitHub\Cataract-1K\Phase_recognition_dataset\Training_Dataset\Tonifying_Antibiotics\case_5304_Tonifying_Antibiotics_0_03_46.750000-0_04_00.78333330fps.mp4,Tonifying_Antibiotics,11
C:\Users\kit02\GitHub\Cataract-1K\Phase_recognition_dataset\Training_Dataset\Tonifying_Antibiotics\case_5304_Tonifying_Antibiotics_0_04_08.616667-0_04_14.13333330fps.mp4,Tonifying_Antibiotics,11
C:\Users\kit02\GitHub\Cataract-1K\Phase_recognition_dataset\Training_Dataset\Tonifying_Antibiotics\case_5305_Tonifying_Antibiotics_0_04_21.895229-0_04_25.33199930fps.mp4,Tonifying_Antibiotics,11
C:\Users\kit02\GitHub\Cataract-1K\Phase_recognition_dataset\Training_Dataset\Tonifying_Antibiotics\case_5305_Tonifying_Antibiotics_0_04_42.549216-0_04_54.07741130fps.mp4,Tonifying_Antibiotics,11
C:\Users\kit02\GitHub\Cataract-1K\Phase_recognition_dataset\Training_Dataset\Tonifying_Antibiotics\case_5305_Tonifying_Antibiotics_0_04_55.879213-0_05_04.27093830fps.mp4,Tonifying_Antibiotics,11
C:\Users\kit02\GitHub\Cataract-1K\Phase_recognition_dataset\Training_Dataset\Tonifying_Antibiotics\case_5305_Tonifying_Antibiotics_0_05_07.107107-0_05_20.10343730fps.mp4,Tonifying_Antibiotics,11
C:\Users\kit02\GitHub\Cataract-1K\Phase_recognition_dataset\Training_Dataset\Tonifying_Antibiotics\case_5305_Tonifying_Antibiotics_0_05_44.344344-0_05_54.93827230fps.mp4,Tonifying_Antibiotics,11
C:\Users\kit02\GitHub\Cataract-1K\Phase_recognition_dataset\Training_Dataset\Tonifying_Antibiotics\case_5305_Tonifying_Antibiotics_0_05_57.424091-0_06_00.86086130fps.mp4,Tonifying_Antibiotics,11
C:\Users\kit02\GitHub\Cataract-1K\Phase_recognition_dataset\Training_Dataset\Tonifying_Antibiotics\case_5309_Tonifying_Antibiotics_0_05_10.393727-0_05_25.89255930fps.mp4,Tonifying_Antibiotics,11
C:\Users\kit02\GitHub\Cataract-1K\Phase_recognition_dataset\Training_Dataset\Tonifying_Antibiotics\case_5309_Tonifying_Antibiotics_0_05_28.178178-0_05_32.84951630fps.mp4,Tonifying_Antibiotics,11
C:\Users\kit02\GitHub\Cataract-1K\Phase_recognition_dataset\Training_Dataset\Tonifying_Antibiotics\case_5311_Tonifying_Antibiotics_0_06_00.716667-0_06_10.28333330fps.mp4,Tonifying_Antibiotics,11
C:\Users\kit02\GitHub\Cataract-1K\Phase_recognition_dataset\Training_Dataset\Tonifying_Antibiotics\case_5311_Tonifying_Antibiotics_0_06_16.750000-0_06_21.30000030fps.mp4,Tonifying_Antibiotics,11
C:\Users\kit02\GitHub\Cataract-1K\Phase_recognition_dataset\Training_Dataset\Tonifying_Antibiotics\case_5311_Tonifying_Antibiotics_0_06_23.600000-0_06_29.68333330fps.mp4,Tonifying_Antibiotics,11
C:\Users\kit02\GitHub\Cataract-1K\Phase_recognition_dataset\Training_Dataset\Tonifying_Antibiotics\case_5311_Tonifying_Antibiotics_0_06_31.166667-0_06_35.68333330fps.mp4,Tonifying_Antibiotics,11
C:\Users\kit02\GitHub\Cataract-1K\Phase_recognition_dataset\Training_Dataset\Tonifying_Antibiotics\case_5314_Tonifying_Antibiotics_0_05_10.200000-0_05_14.80000030fps.mp4,Tonifying_Antibiotics,11
C:\Users\kit02\GitHub\Cataract-1K\Phase_recognition_dataset\Training_Dataset\Tonifying_Antibiotics\case_5314_Tonifying_Antibiotics_0_05_15.150000-0_05_18.73333330fps.mp4,Tonifying_Antibiotics,11
C:\Users\kit02\GitHub\Cataract-1K\Phase_recognition_dataset\Training_Dataset\Tonifying_Antibiotics\case_5314_Tonifying_Antibiotics_0_05_19-0_05_30.63333330fps.mp4,Tonifying_Antibiotics,11
C:\Users\kit02\GitHub\Cataract-1K\Phase_recognition_dataset\Training_Dataset\Tonifying_Antibiotics\case_5314_Tonifying_Antibiotics_0_05_33.200000-0_05_38.68333330fps.mp4,Tonifying_Antibiotics,11
C:\Users\kit02\GitHub\Cataract-1K\Phase_recognition_dataset\Training_Dataset\Tonifying_Antibiotics\case_5315_Tonifying_Antibiotics_0_05_44.928262-0_05_53.87053730fps.mp4,Tonifying_Antibiotics,11
C:\Users\kit02\GitHub\Cataract-1K\Phase_recognition_dataset\Training_Dataset\Tonifying_Antibiotics\case_5315_Tonifying_Antibiotics_0_05_56.389723-0_06_03.98064730fps.mp4,Tonifying_Antibiotics,11
C:\Users\kit02\GitHub\Cataract-1K\Phase_recognition_dataset\Training_Dataset\Tonifying_Antibiotics\case_5316_Tonifying_Antibiotics_0_05_16.166667-0_05_28.35000030fps.mp4,Tonifying_Antibiotics,11
C:\Users\kit02\GitHub\Cataract-1K\Phase_recognition_dataset\Training_Dataset\Tonifying_Antibiotics\case_5316_Tonifying_Antibiotics_0_05_31.100000-0_05_38.30000030fps.mp4,Tonifying_Antibiotics,11
C:\Users\kit02\GitHub\Cataract-1K\Phase_recognition_dataset\Training_Dataset\Tonifying_Antibiotics\case_5317_Tonifying_Antibiotics_0_04_25.166667-0_04_31.28333330fps.mp4,Tonifying_Antibiotics,11
C:\Users\kit02\GitHub\Cataract-1K\Phase_recognition_dataset\Training_Dataset\Tonifying_Antibiotics\case_5317_Tonifying_Antibiotics_0_04_39.400000-0_04_49.21666730fps.mp4,Tonifying_Antibiotics,11
C:\Users\kit02\GitHub\Cataract-1K\Phase_recognition_dataset\Training_Dataset\Tonifying_Antibiotics\case_5317_Tonifying_Antibiotics_0_04_54.700000-0_05_00.63333330fps.mp4,Tonifying_Antibiotics,11
C:\Users\kit02\GitHub\Cataract-1K\Phase_recognition_dataset\Training_Dataset\Tonifying_Antibiotics\case_5319_Tonifying_Antibiotics_0_08_20.316667-0_08_25.55000030fps.mp4,Tonifying_Antibiotics,11
C:\Users\kit02\GitHub\Cataract-1K\Phase_recognition_dataset\Training_Dataset\Tonifying_Antibiotics\case_5319_Tonifying_Antibiotics_0_08_26.516667-0_08_32.30000030fps.mp4,Tonifying_Antibiotics,11
C:\Users\kit02\GitHub\Cataract-1K\Phase_recognition_dataset\Training_Dataset\Tonifying_Antibiotics\case_5319_Tonifying_Antibiotics_0_08_48-0_08_52.55000030fps.mp4,Tonifying_Antibiotics,11
C:\Users\kit02\GitHub\Cataract-1K\Phase_recognition_dataset\Training_Dataset\Tonifying_Antibiotics\case_5319_Tonifying_Antibiotics_0_08_55.316667-0_09_00.28333330fps.mp4,Tonifying_Antibiotics,11
C:\Users\kit02\GitHub\Cataract-1K\Phase_recognition_dataset\Training_Dataset\Tonifying_Antibiotics\case_5319_Tonifying_Antibiotics_0_09_02.916667-0_09_07.18333330fps.mp4,Tonifying_Antibiotics,11
C:\Users\kit02\GitHub\Cataract-1K\Phase_recognition_dataset\Training_Dataset\Tonifying_Antibiotics\case_5329_Tonifying_Antibiotics_0_05_54.621288-0_06_05.23189930fps.mp4,Tonifying_Antibiotics,11
C:\Users\kit02\GitHub\Cataract-1K\Phase_recognition_dataset\Training_Dataset\Tonifying_Antibiotics\case_5329_Tonifying_Antibiotics_0_06_07.767768-0_06_10.92092130fps.mp4,Tonifying_Antibiotics,11
C:\Users\kit02\GitHub\Cataract-1K\Phase_recognition_dataset\Training_Dataset\Tonifying_Antibiotics\case_5331_Tonifying_Antibiotics_0_06_01.200000-0_06_07.88333330fps.mp4,Tonifying_Antibiotics,11
C:\Users\kit02\GitHub\Cataract-1K\Phase_recognition_dataset\Training_Dataset\Tonifying_Antibiotics\case_5334_Tonifying_Antibiotics_0_06_08.351685-0_06_11.47147130fps.mp4,Tonifying_Antibiotics,11
C:\Users\kit02\GitHub\Cataract-1K\Phase_recognition_dataset\Training_Dataset\Tonifying_Antibiotics\case_5334_Tonifying_Antibiotics_0_06_19.946613-0_06_24.90156830fps.mp4,Tonifying_Antibiotics,11
C:\Users\kit02\GitHub\Cataract-1K\Phase_recognition_dataset\Training_Dataset\Tonifying_Antibiotics\case_5335_Tonifying_Antibiotics_0_05_45.300000-0_05_56.33333330fps.mp4,Tonifying_Antibiotics,11
C:\Users\kit02\GitHub\Cataract-1K\Phase_recognition_dataset\Training_Dataset\Tonifying_Antibiotics\case_5335_Tonifying_Antibiotics_0_05_58.550000-0_06_02.43333330fps.mp4,Tonifying_Antibiotics,11
C:\Users\kit02\GitHub\Cataract-1K\Phase_recognition_dataset\Training_Dataset\Tonifying_Antibiotics\case_5340_Tonifying_Antibiotics_0_05_33.366700-0_05_47.14714730fps.mp4,Tonifying_Antibiotics,11
C:\Users\kit02\GitHub\Cataract-1K\Phase_recognition_dataset\Training_Dataset\Tonifying_Antibiotics\case_5340_Tonifying_Antibiotics_0_05_49.599600-0_05_56.75675730fps.mp4,Tonifying_Antibiotics,11
C:\Users\kit02\GitHub\Cataract-1K\Phase_recognition_dataset\Training_Dataset\idle\case_4687_idle_0-00-28.495162-0-00-35.46880230fps.mp4,idle,12
C:\Users\kit02\GitHub\Cataract-1K\Phase_recognition_dataset\Training_Dataset\idle\case_4687_idle_0-01-17.894561-0-01-23.24991730fps.mp4,idle,12
C:\Users\kit02\GitHub\Cataract-1K\Phase_recognition_dataset\Training_Dataset\idle\case_4687_idle_0-02-10.130130-0-02-19.15582230fps.mp4,idle,12
C:\Users\kit02\GitHub\Cataract-1K\Phase_recognition_dataset\Training_Dataset\idle\case_4693_idle_0-00-10.627294-0-00-13.94728130fps.mp4,idle,12
C:\Users\kit02\GitHub\Cataract-1K\Phase_recognition_dataset\Training_Dataset\idle\case_4693_idle_0-02-41.227895-0-02-50.22022030fps.mp4,idle,12
C:\Users\kit02\GitHub\Cataract-1K\Phase_recognition_dataset\Training_Dataset\idle\case_4695_idle_0-00-09.333333-0-00-12.40000030fps.mp4,idle,12
C:\Users\kit02\GitHub\Cataract-1K\Phase_recognition_dataset\Training_Dataset\idle\case_4695_idle_0-00-21.183333-0-00-24.60000030fps.mp4,idle,12
C:\Users\kit02\GitHub\Cataract-1K\Phase_recognition_dataset\Training_Dataset\idle\case_4695_idle_0-01-18.700000-0-01-21.76666730fps.mp4,idle,12
C:\Users\kit02\GitHub\Cataract-1K\Phase_recognition_dataset\Training_Dataset\idle\case_4695_idle_0-03-10.033333-0-03-20.20000030fps.mp4,idle,12
C:\Users\kit02\GitHub\Cataract-1K\Phase_recognition_dataset\Training_Dataset\idle\case_4697_idle_0-00-23.733333-0-00-26.86666730fps.mp4,idle,12
C:\Users\kit02\GitHub\Cataract-1K\Phase_recognition_dataset\Training_Dataset\idle\case_4697_idle_0-00-34.083333-0-00-39.96666730fps.mp4,idle,12
C:\Users\kit02\GitHub\Cataract-1K\Phase_recognition_dataset\Training_Dataset\idle\case_4697_idle_0-01-14.200000-0-01-18.45000030fps.mp4,idle,12
C:\Users\kit02\GitHub\Cataract-1K\Phase_recognition_dataset\Training_Dataset\idle\case_4697_idle_0-02-08.266667-0-02-17.21666730fps.mp4,idle,12
C:\Users\kit02\GitHub\Cataract-1K\Phase_recognition_dataset\Training_Dataset\idle\case_4697_idle_0-02-58.550000-0-03-02.25000030fps.mp4,idle,12
C:\Users\kit02\GitHub\Cataract-1K\Phase_recognition_dataset\Training_Dataset\idle\case_4709_idle_0-04-36.300000-0-04-42.61666730fps.mp4,idle,12
C:\Users\kit02\GitHub\Cataract-1K\Phase_recognition_dataset\Training_Dataset\idle\case_4709_idle_0-05-49.283333-0-05-53.10000030fps.mp4,idle,12
C:\Users\kit02\GitHub\Cataract-1K\Phase_recognition_dataset\Training_Dataset\idle\case_4750_idle_0-00-59.483333-0-01-09.56666730fps.mp4,idle,12
C:\Users\kit02\GitHub\Cataract-1K\Phase_recognition_dataset\Training_Dataset\idle\case_4750_idle_0-03-09.483333-0-03-16.45000030fps.mp4,idle,12
C:\Users\kit02\GitHub\Cataract-1K\Phase_recognition_dataset\Training_Dataset\idle\case_4750_idle_0-03-49.833333-0-03-55.55000030fps.mp4,idle,12
C:\Users\kit02\GitHub\Cataract-1K\Phase_recognition_dataset\Training_Dataset\idle\case_4750_idle_0-05-25.883333-0-05-29.25000030fps.mp4,idle,12
C:\Users\kit02\GitHub\Cataract-1K\Phase_recognition_dataset\Training_Dataset\idle\case_4811_idle_0-00-57.841175-0-01-00.96096130fps.mp4,idle,12
C:\Users\kit02\GitHub\Cataract-1K\Phase_recognition_dataset\Training_Dataset\idle\case_4811_idle_0-01-14.007341-0-01-17.16049430fps.mp4,idle,12
C:\Users\kit02\GitHub\Cataract-1K\Phase_recognition_dataset\Training_Dataset\idle\case_4811_idle_0-03-24.738071-0-03-32.12879530fps.mp4,idle,12
C:\Users\kit02\GitHub\Cataract-1K\Phase_recognition_dataset\Training_Dataset\idle\case_4816_idle_0-00-47.900000-0-00-51.40000030fps.mp4,idle,12
C:\Users\kit02\GitHub\Cataract-1K\Phase_recognition_dataset\Training_Dataset\idle\case_4816_idle_0-01-16.933333-0-01-21.60000030fps.mp4,idle,12
C:\Users\kit02\GitHub\Cataract-1K\Phase_recognition_dataset\Training_Dataset\idle\case_4816_idle_0-02-53.100000-0-03-00.60000030fps.mp4,idle,12
C:\Users\kit02\GitHub\Cataract-1K\Phase_recognition_dataset\Training_Dataset\idle\case_4816_idle_0-05-09.883333-0-05-16.05000030fps.mp4,idle,12
C:\Users\kit02\GitHub\Cataract-1K\Phase_recognition_dataset\Training_Dataset\idle\case_4852_idle_0-00-51.251251-0-00-55.80580630fps.mp4,idle,12
C:\Users\kit02\GitHub\Cataract-1K\Phase_recognition_dataset\Training_Dataset\idle\case_4852_idle_0-01-02.145479-0-01-06.75008330fps.mp4,idle,12
C:\Users\kit02\GitHub\Cataract-1K\Phase_recognition_dataset\Training_Dataset\idle\case_4852_idle_0-01-18.094761-0-01-21.24791530fps.mp4,idle,12
C:\Users\kit02\GitHub\Cataract-1K\Phase_recognition_dataset\Training_Dataset\idle\case_4852_idle_0-01-51.344678-0-01-54.34768130fps.mp4,idle,12
C:\Users\kit02\GitHub\Cataract-1K\Phase_recognition_dataset\Training_Dataset\idle\case_4852_idle_0-02-24.444444-0-02-29.56623330fps.mp4,idle,12
C:\Users\kit02\GitHub\Cataract-1K\Phase_recognition_dataset\Training_Dataset\idle\case_4852_idle_0-05-44.494494-0-05-53.11978630fps.mp4,idle,12
C:\Users\kit02\GitHub\Cataract-1K\Phase_recognition_dataset\Training_Dataset\idle\case_4852_idle_0-07-18.221555-0-07-22.22555930fps.mp4,idle,12
C:\Users\kit02\GitHub\Cataract-1K\Phase_recognition_dataset\Training_Dataset\idle\case_4852_idle_0-08-56.603270-0-08-59.88989030fps.mp4,idle,12
C:\Users\kit02\GitHub\Cataract-1K\Phase_recognition_dataset\Training_Dataset\idle\case_4859_idle_0-00-08.633333-0-00-12.70000030fps.mp4,idle,12
C:\Users\kit02\GitHub\Cataract-1K\Phase_recognition_dataset\Training_Dataset\idle\case_4859_idle_0-00-17-0-00-21.25000030fps.mp4,idle,12
C:\Users\kit02\GitHub\Cataract-1K\Phase_recognition_dataset\Training_Dataset\idle\case_4859_idle_0-01-01.400000-0-01-04.85000030fps.mp4,idle,12
C:\Users\kit02\GitHub\Cataract-1K\Phase_recognition_dataset\Training_Dataset\idle\case_4859_idle_0-01-57.383333-0-02-02.16666730fps.mp4,idle,12
C:\Users\kit02\GitHub\Cataract-1K\Phase_recognition_dataset\Training_Dataset\idle\case_4859_idle_0-06-36.783333-0-06-45.81666730fps.mp4,idle,12
C:\Users\kit02\GitHub\Cataract-1K\Phase_recognition_dataset\Training_Dataset\idle\case_4859_idle_0-07-35.483333-0-07-39.11666730fps.mp4,idle,12
C:\Users\kit02\GitHub\Cataract-1K\Phase_recognition_dataset\Training_Dataset\idle\case_4859_idle_0-09-21.733333-0-09-25.81666730fps.mp4,idle,12
C:\Users\kit02\GitHub\Cataract-1K\Phase_recognition_dataset\Training_Dataset\idle\case_4863_idle_0-00-03.066667-0-00-06.85000030fps.mp4,idle,12
C:\Users\kit02\GitHub\Cataract-1K\Phase_recognition_dataset\Training_Dataset\idle\case_4863_idle_0-00-12.366667-0-00-15.73333330fps.mp4,idle,12
C:\Users\kit02\GitHub\Cataract-1K\Phase_recognition_dataset\Training_Dataset\idle\case_4863_idle_0-04-14.950000-0-04-23.15000030fps.mp4,idle,12
C:\Users\kit02\GitHub\Cataract-1K\Phase_recognition_dataset\Training_Dataset\idle\case_4863_idle_0-05-27.750000-0-05-33.40000030fps.mp4,idle,12
C:\Users\kit02\GitHub\Cataract-1K\Phase_recognition_dataset\Training_Dataset\idle\case_4863_idle_0-05-59.850000-0-06-03.20000030fps.mp4,idle,12
C:\Users\kit02\GitHub\Cataract-1K\Phase_recognition_dataset\Training_Dataset\idle\case_4863_idle_0-06-48.666667-0-06-53.48333330fps.mp4,idle,12
C:\Users\kit02\GitHub\Cataract-1K\Phase_recognition_dataset\Training_Dataset\idle\case_4864_idle_0-00-08.383333-0-00-12.51666730fps.mp4,idle,12
C:\Users\kit02\GitHub\Cataract-1K\Phase_recognition_dataset\Training_Dataset\idle\case_4864_idle_0-00-17.900000-0-00-22.10000030fps.mp4,idle,12
C:\Users\kit02\GitHub\Cataract-1K\Phase_recognition_dataset\Training_Dataset\idle\case_4864_idle_0-01-08.683333-0-01-26.15000030fps.mp4,idle,12
C:\Users\kit02\GitHub\Cataract-1K\Phase_recognition_dataset\Training_Dataset\idle\case_4864_idle_0-05-01.750000-0-05-10.95000030fps.mp4,idle,12
C:\Users\kit02\GitHub\Cataract-1K\Phase_recognition_dataset\Training_Dataset\idle\case_4864_idle_0-06-02.133333-0-06-07.36666730fps.mp4,idle,12
C:\Users\kit02\GitHub\Cataract-1K\Phase_recognition_dataset\Training_Dataset\idle\case_4864_idle_0-06-25.733333-0-06-29.71666730fps.mp4,idle,12
C:\Users\kit02\GitHub\Cataract-1K\Phase_recognition_dataset\Training_Dataset\idle\case_4864_idle_0-06-37.083333-0-06-43.41666730fps.mp4,idle,12
C:\Users\kit02\GitHub\Cataract-1K\Phase_recognition_dataset\Training_Dataset\idle\case_4864_idle_0-07-10.333333-0-07-15.68333330fps.mp4,idle,12
C:\Users\kit02\GitHub\Cataract-1K\Phase_recognition_dataset\Training_Dataset\idle\case_4864_idle_0-07-55.083333-0-07-58.60000030fps.mp4,idle,12
C:\Users\kit02\GitHub\Cataract-1K\Phase_recognition_dataset\Training_Dataset\idle\case_4864_idle_0-08-30.600000-0-08-33.61666730fps.mp4,idle,12
C:\Users\kit02\GitHub\Cataract-1K\Phase_recognition_dataset\Training_Dataset\idle\case_4874_idle_0-01-13.450000-0-01-17.21666730fps.mp4,idle,12
C:\Users\kit02\GitHub\Cataract-1K\Phase_recognition_dataset\Training_Dataset\idle\case_4874_idle_0-01-44.783333-0-01-48.41666730fps.mp4,idle,12
C:\Users\kit02\GitHub\Cataract-1K\Phase_recognition_dataset\Training_Dataset\idle\case_4874_idle_0-03-02.033333-0-03-10.30000030fps.mp4,idle,12
C:\Users\kit02\GitHub\Cataract-1K\Phase_recognition_dataset\Training_Dataset\idle\case_4874_idle_0-05-10.133333-0-05-14.50000030fps.mp4,idle,12
C:\Users\kit02\GitHub\Cataract-1K\Phase_recognition_dataset\Training_Dataset\idle\case_4888_idle_0-00-55.038372-0-01-01.57824530fps.mp4,idle,12
C:\Users\kit02\GitHub\Cataract-1K\Phase_recognition_dataset\Training_Dataset\idle\case_4888_idle_0-02-12.599266-0-02-18.53853930fps.mp4,idle,12
C:\Users\kit02\GitHub\Cataract-1K\Phase_recognition_dataset\Training_Dataset\idle\case_4899_idle_0-00-24.433333-0-00-31.60000030fps.mp4,idle,12
C:\Users\kit02\GitHub\Cataract-1K\Phase_recognition_dataset\Training_Dataset\idle\case_4899_idle_0-01-03.533333-0-01-07.11666730fps.mp4,idle,12
C:\Users\kit02\GitHub\Cataract-1K\Phase_recognition_dataset\Training_Dataset\idle\case_4899_idle_0-02-03.433333-0-02-08.21666730fps.mp4,idle,12
C:\Users\kit02\GitHub\Cataract-1K\Phase_recognition_dataset\Training_Dataset\idle\case_4899_idle_0-03-32.750000-0-03-41.95000030fps.mp4,idle,12
C:\Users\kit02\GitHub\Cataract-1K\Phase_recognition_dataset\Training_Dataset\idle\case_4899_idle_0-06-52.433333-0-06-55.86666730fps.mp4,idle,12
C:\Users\kit02\GitHub\Cataract-1K\Phase_recognition_dataset\Training_Dataset\idle\case_4906_idle_0-00-27.083333-0-00-39.11666730fps.mp4,idle,12
C:\Users\kit02\GitHub\Cataract-1K\Phase_recognition_dataset\Training_Dataset\idle\case_4906_idle_0-03-23.200000-0-03-33.40000030fps.mp4,idle,12
C:\Users\kit02\GitHub\Cataract-1K\Phase_recognition_dataset\Training_Dataset\idle\case_4923_idle_0-00-03.983333-0-00-07.46666730fps.mp4,idle,12
C:\Users\kit02\GitHub\Cataract-1K\Phase_recognition_dataset\Training_Dataset\idle\case_4923_idle_0-00-15.283333-0-00-19.06666730fps.mp4,idle,12
C:\Users\kit02\GitHub\Cataract-1K\Phase_recognition_dataset\Training_Dataset\idle\case_4923_idle_0-00-24.233333-0-00-27.45000030fps.mp4,idle,12
C:\Users\kit02\GitHub\Cataract-1K\Phase_recognition_dataset\Training_Dataset\idle\case_4923_idle_0-00-55.300000-0-00-59.81666730fps.mp4,idle,12
C:\Users\kit02\GitHub\Cataract-1K\Phase_recognition_dataset\Training_Dataset\idle\case_4923_idle_0-02-00.233333-0-02-05.05000030fps.mp4,idle,12
C:\Users\kit02\GitHub\Cataract-1K\Phase_recognition_dataset\Training_Dataset\idle\case_4923_idle_0-05-14.283333-0-05-26.16666730fps.mp4,idle,12
C:\Users\kit02\GitHub\Cataract-1K\Phase_recognition_dataset\Training_Dataset\idle\case_4923_idle_0-06-08.333333-0-06-13.60000030fps.mp4,idle,12
C:\Users\kit02\GitHub\Cataract-1K\Phase_recognition_dataset\Training_Dataset\idle\case_4923_idle_0-07-13.900000-0-07-18.30000030fps.mp4,idle,12
C:\Users\kit02\GitHub\Cataract-1K\Phase_recognition_dataset\Training_Dataset\idle\case_4923_idle_0-08-14.583333-0-08-19.25000030fps.mp4,idle,12
C:\Users\kit02\GitHub\Cataract-1K\Phase_recognition_dataset\Training_Dataset\idle\case_4923_idle_0-09-09.983333-0-09-13.25000030fps.mp4,idle,12
C:\Users\kit02\GitHub\Cataract-1K\Phase_recognition_dataset\Training_Dataset\idle\case_4923_idle_0-09-39.366667-0-09-43.81666730fps.mp4,idle,12
C:\Users\kit02\GitHub\Cataract-1K\Phase_recognition_dataset\Training_Dataset\idle\case_4924_idle_0-00-06.100000-0-00-10.30000030fps.mp4,idle,12
C:\Users\kit02\GitHub\Cataract-1K\Phase_recognition_dataset\Training_Dataset\idle\case_4924_idle_0-00-15.133333-0-00-27.10000030fps.mp4,idle,12
C:\Users\kit02\GitHub\Cataract-1K\Phase_recognition_dataset\Training_Dataset\idle\case_4924_idle_0-04-05.950000-0-04-12.80000030fps.mp4,idle,12
C:\Users\kit02\GitHub\Cataract-1K\Phase_recognition_dataset\Training_Dataset\idle\case_4924_idle_0-05-58.383333-0-06-06.50000030fps.mp4,idle,12
C:\Users\kit02\GitHub\Cataract-1K\Phase_recognition_dataset\Training_Dataset\idle\case_4927_idle_0-00-11.327995-0-00-15.41541530fps.mp4,idle,12
C:\Users\kit02\GitHub\Cataract-1K\Phase_recognition_dataset\Training_Dataset\idle\case_4927_idle_0-00-21.004338-0-00-24.65799130fps.mp4,idle,12
C:\Users\kit02\GitHub\Cataract-1K\Phase_recognition_dataset\Training_Dataset\idle\case_4927_idle_0-01-52.512513-0-01-58.91891930fps.mp4,idle,12
C:\Users\kit02\GitHub\Cataract-1K\Phase_recognition_dataset\Training_Dataset\idle\case_4927_idle_0-02-31.451451-0-02-34.88822230fps.mp4,idle,12
C:\Users\kit02\GitHub\Cataract-1K\Phase_recognition_dataset\Training_Dataset\idle\case_4927_idle_0-06-12.806139-0-06-25.66900230fps.mp4,idle,12
C:\Users\kit02\GitHub\Cataract-1K\Phase_recognition_dataset\Training_Dataset\idle\case_4927_idle_0-07-28.631965-0-07-32.66933630fps.mp4,idle,12
C:\Users\kit02\GitHub\Cataract-1K\Phase_recognition_dataset\Training_Dataset\idle\case_4927_idle_0-09-39.095762-0-09-44.71805130fps.mp4,idle,12
C:\Users\kit02\GitHub\Cataract-1K\Phase_recognition_dataset\Training_Dataset\idle\case_4939_idle_0-00-02.950000-0-00-06.85000030fps.mp4,idle,12
C:\Users\kit02\GitHub\Cataract-1K\Phase_recognition_dataset\Training_Dataset\idle\case_4939_idle_0-00-10.733333-0-00-14.75000030fps.mp4,idle,12
C:\Users\kit02\GitHub\Cataract-1K\Phase_recognition_dataset\Training_Dataset\idle\case_4939_idle_0-00-20.783333-0-00-32.75000030fps.mp4,idle,12
C:\Users\kit02\GitHub\Cataract-1K\Phase_recognition_dataset\Training_Dataset\idle\case_4939_idle_0-01-24.400000-0-01-27.75000030fps.mp4,idle,12
C:\Users\kit02\GitHub\Cataract-1K\Phase_recognition_dataset\Training_Dataset\idle\case_4939_idle_0-02-33.866667-0-02-42.40000030fps.mp4,idle,12
C:\Users\kit02\GitHub\Cataract-1K\Phase_recognition_dataset\Training_Dataset\idle\case_4999_idle_0-00-11.394728-0-00-14.69803130fps.mp4,idle,12
C:\Users\kit02\GitHub\Cataract-1K\Phase_recognition_dataset\Training_Dataset\idle\case_4999_idle_0-01-13.356690-0-01-17.36069430fps.mp4,idle,12
C:\Users\kit02\GitHub\Cataract-1K\Phase_recognition_dataset\Training_Dataset\idle\case_4999_idle_0-03-40.537204-0-03-47.91124530fps.mp4,idle,12
C:\Users\kit02\GitHub\Cataract-1K\Phase_recognition_dataset\Training_Dataset\idle\case_4999_idle_0-04-22.512513-0-04-28.20153530fps.mp4,idle,12
C:\Users\kit02\GitHub\Cataract-1K\Phase_recognition_dataset\Training_Dataset\idle\case_5004_idle_0-00-07.150000-0-00-14.25000030fps.mp4,idle,12
C:\Users\kit02\GitHub\Cataract-1K\Phase_recognition_dataset\Training_Dataset\idle\case_5004_idle_0-00-18.750000-0-00-27.65000030fps.mp4,idle,12
C:\Users\kit02\GitHub\Cataract-1K\Phase_recognition_dataset\Training_Dataset\idle\case_5004_idle_0-01-44.500000-0-01-47.75000030fps.mp4,idle,12
C:\Users\kit02\GitHub\Cataract-1K\Phase_recognition_dataset\Training_Dataset\idle\case_5004_idle_0-03-04.083333-0-03-10.40000030fps.mp4,idle,12
C:\Users\kit02\GitHub\Cataract-1K\Phase_recognition_dataset\Training_Dataset\idle\case_5004_idle_0-04-05.133333-0-04-08.31666730fps.mp4,idle,12
C:\Users\kit02\GitHub\Cataract-1K\Phase_recognition_dataset\Training_Dataset\idle\case_5006_idle_0-00-46.900000-0-01-0730fps.mp4,idle,12
C:\Users\kit02\GitHub\Cataract-1K\Phase_recognition_dataset\Training_Dataset\idle\case_5006_idle_0-01-25.950000-0-01-29.15000030fps.mp4,idle,12
C:\Users\kit02\GitHub\Cataract-1K\Phase_recognition_dataset\Training_Dataset\idle\case_5006_idle_0-02-46.483333-0-02-54.10000030fps.mp4,idle,12
C:\Users\kit02\GitHub\Cataract-1K\Phase_recognition_dataset\Training_Dataset\idle\case_5006_idle_0-05-48.683333-0-05-51.88333330fps.mp4,idle,12
C:\Users\kit02\GitHub\Cataract-1K\Phase_recognition_dataset\Training_Dataset\idle\case_5011_idle_0-00-01.451451-0-00-04.93827230fps.mp4,idle,12
C:\Users\kit02\GitHub\Cataract-1K\Phase_recognition_dataset\Training_Dataset\idle\case_5011_idle_0-00-08.608609-0-00-19.65298630fps.mp4,idle,12
C:\Users\kit02\GitHub\Cataract-1K\Phase_recognition_dataset\Training_Dataset\idle\case_5011_idle_0-00-26.126126-0-00-32.54921630fps.mp4,idle,12
C:\Users\kit02\GitHub\Cataract-1K\Phase_recognition_dataset\Training_Dataset\idle\case_5011_idle_0-01-26.753420-0-01-30.84084130fps.mp4,idle,12
C:\Users\kit02\GitHub\Cataract-1K\Phase_recognition_dataset\Training_Dataset\idle\case_5011_idle_0-03-15.729062-0-03-27.20720730fps.mp4,idle,12
C:\Users\kit02\GitHub\Cataract-1K\Phase_recognition_dataset\Training_Dataset\idle\case_5011_idle_0-04-14.587921-0-04-18.09142530fps.mp4,idle,12
C:\Users\kit02\GitHub\Cataract-1K\Phase_recognition_dataset\Training_Dataset\idle\case_5011_idle_0-05-18.401735-0-05-22.72272330fps.mp4,idle,12
C:\Users\kit02\GitHub\Cataract-1K\Phase_recognition_dataset\Training_Dataset\idle\case_5013_idle_0-00-06.806807-0-00-10.21021030fps.mp4,idle,12
C:\Users\kit02\GitHub\Cataract-1K\Phase_recognition_dataset\Training_Dataset\idle\case_5013_idle_0-00-14.347681-0-00-17.40073430fps.mp4,idle,12
C:\Users\kit02\GitHub\Cataract-1K\Phase_recognition_dataset\Training_Dataset\idle\case_5013_idle_0-01-27.120454-0-01-31.80847530fps.mp4,idle,12
C:\Users\kit02\GitHub\Cataract-1K\Phase_recognition_dataset\Training_Dataset\idle\case_5013_idle_0-03-01.398065-0-03-13.84384430fps.mp4,idle,12
C:\Users\kit02\GitHub\Cataract-1K\Phase_recognition_dataset\Training_Dataset\idle\case_5013_idle_0-04-09.299299-0-04-13.40340330fps.mp4,idle,12
C:\Users\kit02\GitHub\Cataract-1K\Phase_recognition_dataset\Training_Dataset\idle\case_5014_idle_0-00-13.333333-0-00-16.80000030fps.mp4,idle,12
C:\Users\kit02\GitHub\Cataract-1K\Phase_recognition_dataset\Training_Dataset\idle\case_5014_idle_0-00-28.583333-0-00-31.75000030fps.mp4,idle,12
C:\Users\kit02\GitHub\Cataract-1K\Phase_recognition_dataset\Training_Dataset\idle\case_5014_idle_0-01-11.483333-0-01-17.86666730fps.mp4,idle,12
C:\Users\kit02\GitHub\Cataract-1K\Phase_recognition_dataset\Training_Dataset\idle\case_5014_idle_0-03-26.616667-0-03-36.05000030fps.mp4,idle,12
C:\Users\kit02\GitHub\Cataract-1K\Phase_recognition_dataset\Training_Dataset\idle\case_5014_idle_0-05-06.133333-0-05-09.80000030fps.mp4,idle,12
C:\Users\kit02\GitHub\Cataract-1K\Phase_recognition_dataset\Training_Dataset\idle\case_5015_idle_0-00-05.733333-0-00-09.10000030fps.mp4,idle,12
C:\Users\kit02\GitHub\Cataract-1K\Phase_recognition_dataset\Training_Dataset\idle\case_5015_idle_0-01-07.483333-0-01-12.20000030fps.mp4,idle,12
C:\Users\kit02\GitHub\Cataract-1K\Phase_recognition_dataset\Training_Dataset\idle\case_5015_idle_0-02-45.250000-0-02-53.31666730fps.mp4,idle,12
C:\Users\kit02\GitHub\Cataract-1K\Phase_recognition_dataset\Training_Dataset\idle\case_5015_idle_0-03-38.200000-0-03-41.90000030fps.mp4,idle,12
C:\Users\kit02\GitHub\Cataract-1K\Phase_recognition_dataset\Training_Dataset\idle\case_5016_idle_0-00-05.933333-0-00-12.36666730fps.mp4,idle,12
C:\Users\kit02\GitHub\Cataract-1K\Phase_recognition_dataset\Training_Dataset\idle\case_5016_idle_0-00-15.883333-0-00-19.46666730fps.mp4,idle,12
C:\Users\kit02\GitHub\Cataract-1K\Phase_recognition_dataset\Training_Dataset\idle\case_5016_idle_0-01-23.433333-0-01-29.25000030fps.mp4,idle,12
C:\Users\kit02\GitHub\Cataract-1K\Phase_recognition_dataset\Training_Dataset\idle\case_5016_idle_0-02-59.133333-0-03-07.25000030fps.mp4,idle,12
C:\Users\kit02\GitHub\Cataract-1K\Phase_recognition_dataset\Training_Dataset\idle\case_5016_idle_0-03-46.433333-0-03-52.66666730fps.mp4,idle,12
C:\Users\kit02\GitHub\Cataract-1K\Phase_recognition_dataset\Training_Dataset\idle\case_5016_idle_0-03-56.750000-0-04-01.06666730fps.mp4,idle,12
C:\Users\kit02\GitHub\Cataract-1K\Phase_recognition_dataset\Training_Dataset\idle\case_5016_idle_0-04-06.433333-0-04-14.30000030fps.mp4,idle,12
C:\Users\kit02\GitHub\Cataract-1K\Phase_recognition_dataset\Training_Dataset\idle\case_5016_idle_0-04-52.083333-0-04-57.60000030fps.mp4,idle,12
C:\Users\kit02\GitHub\Cataract-1K\Phase_recognition_dataset\Training_Dataset\idle\case_5016_idle_0-05-23.183333-0-05-27.11666730fps.mp4,idle,12
C:\Users\kit02\GitHub\Cataract-1K\Phase_recognition_dataset\Training_Dataset\idle\case_5017_idle_0-00-06.183333-0-00-09.43333330fps.mp4,idle,12
C:\Users\kit02\GitHub\Cataract-1K\Phase_recognition_dataset\Training_Dataset\idle\case_5017_idle_0-00-21.033333-0-00-26.31666730fps.mp4,idle,12
C:\Users\kit02\GitHub\Cataract-1K\Phase_recognition_dataset\Training_Dataset\idle\case_5017_idle_0-01-04.633333-0-01-11.70000030fps.mp4,idle,12
C:\Users\kit02\GitHub\Cataract-1K\Phase_recognition_dataset\Training_Dataset\idle\case_5017_idle_0-02-57.783333-0-03-04.60000030fps.mp4,idle,12
C:\Users\kit02\GitHub\Cataract-1K\Phase_recognition_dataset\Training_Dataset\idle\case_5017_idle_0-04-06.733333-0-04-12.86666730fps.mp4,idle,12
C:\Users\kit02\GitHub\Cataract-1K\Phase_recognition_dataset\Training_Dataset\idle\case_5017_idle_0-04-23.900000-0-04-27.91666730fps.mp4,idle,12
C:\Users\kit02\GitHub\Cataract-1K\Phase_recognition_dataset\Training_Dataset\idle\case_5017_idle_0-04-49.683333-0-04-54.35000030fps.mp4,idle,12
C:\Users\kit02\GitHub\Cataract-1K\Phase_recognition_dataset\Training_Dataset\idle\case_5032_idle_0-00-06.033333-0-00-09.40000030fps.mp4,idle,12
C:\Users\kit02\GitHub\Cataract-1K\Phase_recognition_dataset\Training_Dataset\idle\case_5032_idle_0-00-11.733333-0-00-14.85000030fps.mp4,idle,12
C:\Users\kit02\GitHub\Cataract-1K\Phase_recognition_dataset\Training_Dataset\idle\case_5032_idle_0-00-50.883333-0-00-54.56666730fps.mp4,idle,12
C:\Users\kit02\GitHub\Cataract-1K\Phase_recognition_dataset\Training_Dataset\idle\case_5032_idle_0-01-54.716667-0-02-03.80000030fps.mp4,idle,12
C:\Users\kit02\GitHub\Cataract-1K\Phase_recognition_dataset\Training_Dataset\idle\case_5032_idle_0-03-27.400000-0-03-30.51666730fps.mp4,idle,12
C:\Users\kit02\GitHub\Cataract-1K\Phase_recognition_dataset\Training_Dataset\idle\case_5032_idle_0-03-54.300000-0-03-57.80000030fps.mp4,idle,12
C:\Users\kit02\GitHub\Cataract-1K\Phase_recognition_dataset\Training_Dataset\idle\case_5051_idle_0-00-04.070737-0-00-07.89122530fps.mp4,idle,12
C:\Users\kit02\GitHub\Cataract-1K\Phase_recognition_dataset\Training_Dataset\idle\case_5051_idle_0-01-16.092759-0-01-19.12912930fps.mp4,idle,12
C:\Users\kit02\GitHub\Cataract-1K\Phase_recognition_dataset\Training_Dataset\idle\case_5051_idle_0-02-28.948949-0-02-36.74007330fps.mp4,idle,12
C:\Users\kit02\GitHub\Cataract-1K\Phase_recognition_dataset\Training_Dataset\idle\case_5051_idle_0-03-02.298966-0-03-06.90357030fps.mp4,idle,12
C:\Users\kit02\GitHub\Cataract-1K\Phase_recognition_dataset\Training_Dataset\idle\case_5051_idle_0-03-11.675008-0-03-15.21187930fps.mp4,idle,12
C:\Users\kit02\GitHub\Cataract-1K\Phase_recognition_dataset\Training_Dataset\idle\case_5051_idle_0-03-20.283617-0-03-24.85485530fps.mp4,idle,12
C:\Users\kit02\GitHub\Cataract-1K\Phase_recognition_dataset\Training_Dataset\idle\case_5051_idle_0-03-37.200534-0-03-42.93960630fps.mp4,idle,12
C:\Users\kit02\GitHub\Cataract-1K\Phase_recognition_dataset\Training_Dataset\idle\case_5057_idle_0-01-04.200000-0-01-07.70000030fps.mp4,idle,12
C:\Users\kit02\GitHub\Cataract-1K\Phase_recognition_dataset\Training_Dataset\idle\case_5057_idle_0-01-27.883333-0-01-36.10000030fps.mp4,idle,12
C:\Users\kit02\GitHub\Cataract-1K\Phase_recognition_dataset\Training_Dataset\idle\case_5057_idle_0-03-14.583333-0-03-22.60000030fps.mp4,idle,12
C:\Users\kit02\GitHub\Cataract-1K\Phase_recognition_dataset\Training_Dataset\idle\case_5058_idle_0-01-20.133333-0-01-24.80000030fps.mp4,idle,12
C:\Users\kit02\GitHub\Cataract-1K\Phase_recognition_dataset\Training_Dataset\idle\case_5058_idle_0-02-48.983333-0-03-00.11666730fps.mp4,idle,12
C:\Users\kit02\GitHub\Cataract-1K\Phase_recognition_dataset\Training_Dataset\idle\case_5058_idle_0-03-45.666667-0-03-49.06666730fps.mp4,idle,12
C:\Users\kit02\GitHub\Cataract-1K\Phase_recognition_dataset\Training_Dataset\idle\case_5058_idle_0-03-58.633333-0-04-03.21666730fps.mp4,idle,12
C:\Users\kit02\GitHub\Cataract-1K\Phase_recognition_dataset\Training_Dataset\idle\case_5058_idle_0-05-58.650000-0-06-02.76666730fps.mp4,idle,12
C:\Users\kit02\GitHub\Cataract-1K\Phase_recognition_dataset\Training_Dataset\idle\case_5063_idle_0-01-06.133333-0-01-14.81666730fps.mp4,idle,12
C:\Users\kit02\GitHub\Cataract-1K\Phase_recognition_dataset\Training_Dataset\idle\case_5063_idle_0-02-17.950000-0-02-31.93333330fps.mp4,idle,12
C:\Users\kit02\GitHub\Cataract-1K\Phase_recognition_dataset\Training_Dataset\idle\case_5063_idle_0-04-57.150000-0-05-00.85000030fps.mp4,idle,12
C:\Users\kit02\GitHub\Cataract-1K\Phase_recognition_dataset\Training_Dataset\idle\case_5063_idle_0-05-43.500000-0-05-47.35000030fps.mp4,idle,12
C:\Users\kit02\GitHub\Cataract-1K\Phase_recognition_dataset\Training_Dataset\idle\case_5063_idle_0-05-54.550000-0-05-58.45000030fps.mp4,idle,12
C:\Users\kit02\GitHub\Cataract-1K\Phase_recognition_dataset\Training_Dataset\idle\case_5063_idle_0-06-04.633333-0-06-07.65000030fps.mp4,idle,12
C:\Users\kit02\GitHub\Cataract-1K\Phase_recognition_dataset\Training_Dataset\idle\case_5072_idle_0-01-03.013013-0-01-12.52252330fps.mp4,idle,12
C:\Users\kit02\GitHub\Cataract-1K\Phase_recognition_dataset\Training_Dataset\idle\case_5072_idle_0-02-50.270270-0-02-58.11144530fps.mp4,idle,12
C:\Users\kit02\GitHub\Cataract-1K\Phase_recognition_dataset\Training_Dataset\idle\case_5104_idle_0-00-17.733333-0-00-23.85000030fps.mp4,idle,12
C:\Users\kit02\GitHub\Cataract-1K\Phase_recognition_dataset\Training_Dataset\idle\case_5104_idle_0-00-33.850000-0-00-38.01666730fps.mp4,idle,12
C:\Users\kit02\GitHub\Cataract-1K\Phase_recognition_dataset\Training_Dataset\idle\case_5104_idle_0-00-53.533333-0-01-06.86666730fps.mp4,idle,12
C:\Users\kit02\GitHub\Cataract-1K\Phase_recognition_dataset\Training_Dataset\idle\case_5104_idle_0-02-41.133333-0-02-44.40000030fps.mp4,idle,12
C:\Users\kit02\GitHub\Cataract-1K\Phase_recognition_dataset\Training_Dataset\idle\case_5104_idle_0-03-45.433333-0-03-49.10000030fps.mp4,idle,12
C:\Users\kit02\GitHub\Cataract-1K\Phase_recognition_dataset\Training_Dataset\idle\case_5104_idle_0-04-03.483333-0-04-10.21666730fps.mp4,idle,12
C:\Users\kit02\GitHub\Cataract-1K\Phase_recognition_dataset\Training_Dataset\idle\case_5104_idle_0-08-32.200000-0-08-44.70000030fps.mp4,idle,12
C:\Users\kit02\GitHub\Cataract-1K\Phase_recognition_dataset\Training_Dataset\idle\case_5104_idle_0-11-36.233333-0-11-39.85000030fps.mp4,idle,12
C:\Users\kit02\GitHub\Cataract-1K\Phase_recognition_dataset\Training_Dataset\idle\case_5104_idle_0-12-04.983333-0-12-11.81666730fps.mp4,idle,12
C:\Users\kit02\GitHub\Cataract-1K\Phase_recognition_dataset\Training_Dataset\idle\case_5104_idle_0-12-37.683333-0-12-44.95000030fps.mp4,idle,12
C:\Users\kit02\GitHub\Cataract-1K\Phase_recognition_dataset\Training_Dataset\idle\case_5104_idle_0-13-00.133333-0-13-10.70000030fps.mp4,idle,12
C:\Users\kit02\GitHub\Cataract-1K\Phase_recognition_dataset\Training_Dataset\idle\case_5104_idle_0-13-23.600000-0-13-26.65000030fps.mp4,idle,12
C:\Users\kit02\GitHub\Cataract-1K\Phase_recognition_dataset\Training_Dataset\idle\case_5104_idle_0-14-08.283333-0-14-14.11666730fps.mp4,idle,12
C:\Users\kit02\GitHub\Cataract-1K\Phase_recognition_dataset\Training_Dataset\idle\case_5104_idle_0-14-53.250000-0-14-56.55000030fps.mp4,idle,12
C:\Users\kit02\GitHub\Cataract-1K\Phase_recognition_dataset\Training_Dataset\idle\case_5104_idle_0-15-13.250000-0-15-16.76666730fps.mp4,idle,12
C:\Users\kit02\GitHub\Cataract-1K\Phase_recognition_dataset\Training_Dataset\idle\case_5104_idle_0-15-28.683333-0-15-33.20000030fps.mp4,idle,12
C:\Users\kit02\GitHub\Cataract-1K\Phase_recognition_dataset\Training_Dataset\idle\case_5261_idle_0-01-09.100000-0-01-13.46666730fps.mp4,idle,12
C:\Users\kit02\GitHub\Cataract-1K\Phase_recognition_dataset\Training_Dataset\idle\case_5261_idle_0-02-29.833333-0-02-37.50000030fps.mp4,idle,12
C:\Users\kit02\GitHub\Cataract-1K\Phase_recognition_dataset\Training_Dataset\idle\case_5261_idle_0-03-17.883333-0-03-22.80000030fps.mp4,idle,12
C:\Users\kit02\GitHub\Cataract-1K\Phase_recognition_dataset\Training_Dataset\idle\case_5261_idle_0-03-26.833333-0-03-50.80000030fps.mp4,idle,12
C:\Users\kit02\GitHub\Cataract-1K\Phase_recognition_dataset\Training_Dataset\idle\case_5261_idle_0-04-38.033333-0-04-47.16666730fps.mp4,idle,12
C:\Users\kit02\GitHub\Cataract-1K\Phase_recognition_dataset\Training_Dataset\idle\case_5261_idle_0-04-56.833333-0-05-00.36666730fps.mp4,idle,12
C:\Users\kit02\GitHub\Cataract-1K\Phase_recognition_dataset\Training_Dataset\idle\case_5261_idle_0-05-35.483333-0-05-38.80000030fps.mp4,idle,12
C:\Users\kit02\GitHub\Cataract-1K\Phase_recognition_dataset\Training_Dataset\idle\case_5300_idle_0-00-09.383333-0-00-12.60000030fps.mp4,idle,12
C:\Users\kit02\GitHub\Cataract-1K\Phase_recognition_dataset\Training_Dataset\idle\case_5300_idle_0-01-14.883333-0-01-18.75000030fps.mp4,idle,12
C:\Users\kit02\GitHub\Cataract-1K\Phase_recognition_dataset\Training_Dataset\idle\case_5300_idle_0-02-44.566667-0-02-55.10000030fps.mp4,idle,12
C:\Users\kit02\GitHub\Cataract-1K\Phase_recognition_dataset\Training_Dataset\idle\case_5300_idle_0-03-21.233333-0-03-25.45000030fps.mp4,idle,12
C:\Users\kit02\GitHub\Cataract-1K\Phase_recognition_dataset\Training_Dataset\idle\case_5300_idle_0-04-14.933333-0-04-18.41666730fps.mp4,idle,12
C:\Users\kit02\GitHub\Cataract-1K\Phase_recognition_dataset\Training_Dataset\idle\case_5301_idle_0-00-55.672339-0-00-59.25925930fps.mp4,idle,12
C:\Users\kit02\GitHub\Cataract-1K\Phase_recognition_dataset\Training_Dataset\idle\case_5301_idle_0-02-08.311645-0-02-15.41875230fps.mp4,idle,12
C:\Users\kit02\GitHub\Cataract-1K\Phase_recognition_dataset\Training_Dataset\idle\case_5303_idle_0-00-19.736403-0-00-27.11044430fps.mp4,idle,12
C:\Users\kit02\GitHub\Cataract-1K\Phase_recognition_dataset\Training_Dataset\idle\case_5303_idle_0-01-11.004338-0-01-14.44110830fps.mp4,idle,12
C:\Users\kit02\GitHub\Cataract-1K\Phase_recognition_dataset\Training_Dataset\idle\case_5303_idle_0-02-19.155822-0-02-26.46313030fps.mp4,idle,12
C:\Users\kit02\GitHub\Cataract-1K\Phase_recognition_dataset\Training_Dataset\idle\case_5304_idle_0-01-03.550000-0-01-07.80000030fps.mp4,idle,12
C:\Users\kit02\GitHub\Cataract-1K\Phase_recognition_dataset\Training_Dataset\idle\case_5304_idle_0-02-12.833333-0-02-19.40000030fps.mp4,idle,12
C:\Users\kit02\GitHub\Cataract-1K\Phase_recognition_dataset\Training_Dataset\idle\case_5304_idle_0-04-00.783333-0-04-08.61666730fps.mp4,idle,12
C:\Users\kit02\GitHub\Cataract-1K\Phase_recognition_dataset\Training_Dataset\idle\case_5305_idle_0-00-06.940274-0-00-12.09542930fps.mp4,idle,12
C:\Users\kit02\GitHub\Cataract-1K\Phase_recognition_dataset\Training_Dataset\idle\case_5305_idle_0-00-14.497831-0-00-17.71771830fps.mp4,idle,12
C:\Users\kit02\GitHub\Cataract-1K\Phase_recognition_dataset\Training_Dataset\idle\case_5305_idle_0-01-04.681348-0-01-08.70203530fps.mp4,idle,12
C:\Users\kit02\GitHub\Cataract-1K\Phase_recognition_dataset\Training_Dataset\idle\case_5305_idle_0-02-12.482482-0-02-21.95862530fps.mp4,idle,12
C:\Users\kit02\GitHub\Cataract-1K\Phase_recognition_dataset\Training_Dataset\idle\case_5305_idle_0-03-36.533200-0-03-43.35669030fps.mp4,idle,12
C:\Users\kit02\GitHub\Cataract-1K\Phase_recognition_dataset\Training_Dataset\idle\case_5305_idle_0-04-25.331999-0-04-28.91891930fps.mp4,idle,12
C:\Users\kit02\GitHub\Cataract-1K\Phase_recognition_dataset\Training_Dataset\idle\case_5305_idle_0-05-20.103437-0-05-31.74841530fps.mp4,idle,12
C:\Users\kit02\GitHub\Cataract-1K\Phase_recognition_dataset\Training_Dataset\idle\case_5305_idle_0-05-39.422756-0-05-44.34434430fps.mp4,idle,12
C:\Users\kit02\GitHub\Cataract-1K\Phase_recognition_dataset\Training_Dataset\idle\case_5309_idle_0-00-07.190524-0-00-14.29763130fps.mp4,idle,12
C:\Users\kit02\GitHub\Cataract-1K\Phase_recognition_dataset\Training_Dataset\idle\case_5309_idle_0-01-08.184852-0-01-11.88855530fps.mp4,idle,12
C:\Users\kit02\GitHub\Cataract-1K\Phase_recognition_dataset\Training_Dataset\idle\case_5309_idle_0-02-42.562563-0-02-49.86987030fps.mp4,idle,12
C:\Users\kit02\GitHub\Cataract-1K\Phase_recognition_dataset\Training_Dataset\idle\case_5309_idle_0-03-24.838172-0-03-28.57524230fps.mp4,idle,12
C:\Users\kit02\GitHub\Cataract-1K\Phase_recognition_dataset\Training_Dataset\idle\case_5311_idle_0-01-59.233333-0-02-06.40000030fps.mp4,idle,12
C:\Users\kit02\GitHub\Cataract-1K\Phase_recognition_dataset\Training_Dataset\idle\case_5311_idle_0-02-12.033333-0-02-16.85000030fps.mp4,idle,12
C:\Users\kit02\GitHub\Cataract-1K\Phase_recognition_dataset\Training_Dataset\idle\case_5311_idle_0-04-09.233333-0-04-15.75000030fps.mp4,idle,12
C:\Users\kit02\GitHub\Cataract-1K\Phase_recognition_dataset\Training_Dataset\idle\case_5311_idle_0-04-47.383333-0-04-51.25000030fps.mp4,idle,12
C:\Users\kit02\GitHub\Cataract-1K\Phase_recognition_dataset\Training_Dataset\idle\case_5311_idle_0-06-10.283333-0-06-16.75000030fps.mp4,idle,12
C:\Users\kit02\GitHub\Cataract-1K\Phase_recognition_dataset\Training_Dataset\idle\case_5314_idle_0-00-55.183333-0-00-58.55000030fps.mp4,idle,12
C:\Users\kit02\GitHub\Cataract-1K\Phase_recognition_dataset\Training_Dataset\idle\case_5314_idle_0-02-12.633333-0-02-19.61666730fps.mp4,idle,12
C:\Users\kit02\GitHub\Cataract-1K\Phase_recognition_dataset\Training_Dataset\idle\case_5314_idle_0-03-21.600000-0-03-25.20000030fps.mp4,idle,12
C:\Users\kit02\GitHub\Cataract-1K\Phase_recognition_dataset\Training_Dataset\idle\case_5315_idle_0-00-59.109109-0-01-17.86119530fps.mp4,idle,12
C:\Users\kit02\GitHub\Cataract-1K\Phase_recognition_dataset\Training_Dataset\idle\case_5315_idle_0-02-30.250250-0-02-39.05905930fps.mp4,idle,12
C:\Users\kit02\GitHub\Cataract-1K\Phase_recognition_dataset\Training_Dataset\idle\case_5315_idle_0-03-39.052386-0-03-42.30563930fps.mp4,idle,12
C:\Users\kit02\GitHub\Cataract-1K\Phase_recognition_dataset\Training_Dataset\idle\case_5315_idle_0-03-54.684685-0-04-00.87420830fps.mp4,idle,12
C:\Users\kit02\GitHub\Cataract-1K\Phase_recognition_dataset\Training_Dataset\idle\case_5316_idle_0-00-58.250000-0-01-03.60000030fps.mp4,idle,12
C:\Users\kit02\GitHub\Cataract-1K\Phase_recognition_dataset\Training_Dataset\idle\case_5316_idle_0-01-22.083333-0-01-25.40000030fps.mp4,idle,12
C:\Users\kit02\GitHub\Cataract-1K\Phase_recognition_dataset\Training_Dataset\idle\case_5316_idle_0-02-45.933333-0-02-53.70000030fps.mp4,idle,12
C:\Users\kit02\GitHub\Cataract-1K\Phase_recognition_dataset\Training_Dataset\idle\case_5316_idle_0-03-42.883333-0-03-46.15000030fps.mp4,idle,12
C:\Users\kit02\GitHub\Cataract-1K\Phase_recognition_dataset\Training_Dataset\idle\case_5316_idle_0-05-06.700000-0-05-10.55000030fps.mp4,idle,12
C:\Users\kit02\GitHub\Cataract-1K\Phase_recognition_dataset\Training_Dataset\idle\case_5317_idle_0-01-07.100000-0-01-10.35000030fps.mp4,idle,12
C:\Users\kit02\GitHub\Cataract-1K\Phase_recognition_dataset\Training_Dataset\idle\case_5317_idle_0-02-17.833333-0-02-28.20000030fps.mp4,idle,12
C:\Users\kit02\GitHub\Cataract-1K\Phase_recognition_dataset\Training_Dataset\idle\case_5317_idle_0-02-53.950000-0-02-57.80000030fps.mp4,idle,12
C:\Users\kit02\GitHub\Cataract-1K\Phase_recognition_dataset\Training_Dataset\idle\case_5317_idle_0-04-00.583333-0-04-03.70000030fps.mp4,idle,12
C:\Users\kit02\GitHub\Cataract-1K\Phase_recognition_dataset\Training_Dataset\idle\case_5317_idle_0-04-31.283333-0-04-35.35000030fps.mp4,idle,12
C:\Users\kit02\GitHub\Cataract-1K\Phase_recognition_dataset\Training_Dataset\idle\case_5317_idle_0-04-49.216667-0-04-54.70000030fps.mp4,idle,12
C:\Users\kit02\GitHub\Cataract-1K\Phase_recognition_dataset\Training_Dataset\idle\case_5319_idle_0-00-06.350000-0-00-12.30000030fps.mp4,idle,12
C:\Users\kit02\GitHub\Cataract-1K\Phase_recognition_dataset\Training_Dataset\idle\case_5319_idle_0-00-21.983333-0-00-26.20000030fps.mp4,idle,12
C:\Users\kit02\GitHub\Cataract-1K\Phase_recognition_dataset\Training_Dataset\idle\case_5319_idle_0-00-33.133333-0-01-00.15000030fps.mp4,idle,12
C:\Users\kit02\GitHub\Cataract-1K\Phase_recognition_dataset\Training_Dataset\idle\case_5319_idle_0-01-41-0-01-53.35000030fps.mp4,idle,12
C:\Users\kit02\GitHub\Cataract-1K\Phase_recognition_dataset\Training_Dataset\idle\case_5319_idle_0-02-22.700000-0-02-52.70000030fps.mp4,idle,12
C:\Users\kit02\GitHub\Cataract-1K\Phase_recognition_dataset\Training_Dataset\idle\case_5319_idle_0-05-07.900000-0-05-22.20000030fps.mp4,idle,12
C:\Users\kit02\GitHub\Cataract-1K\Phase_recognition_dataset\Training_Dataset\idle\case_5319_idle_0-06-43.050000-0-06-47.71666730fps.mp4,idle,12
C:\Users\kit02\GitHub\Cataract-1K\Phase_recognition_dataset\Training_Dataset\idle\case_5319_idle_0-08-17.133333-0-08-20.31666730fps.mp4,idle,12
C:\Users\kit02\GitHub\Cataract-1K\Phase_recognition_dataset\Training_Dataset\idle\case_5319_idle_0-08-32.300000-0-08-4830fps.mp4,idle,12
C:\Users\kit02\GitHub\Cataract-1K\Phase_recognition_dataset\Training_Dataset\idle\case_5329_idle_0-00-03.053053-0-00-06.15615630fps.mp4,idle,12
C:\Users\kit02\GitHub\Cataract-1K\Phase_recognition_dataset\Training_Dataset\idle\case_5329_idle_0-00-10.343677-0-00-14.71471530fps.mp4,idle,12
C:\Users\kit02\GitHub\Cataract-1K\Phase_recognition_dataset\Training_Dataset\idle\case_5329_idle_0-01-11.021021-0-01-17.12712730fps.mp4,idle,12
C:\Users\kit02\GitHub\Cataract-1K\Phase_recognition_dataset\Training_Dataset\idle\case_5329_idle_0-03-20.550551-0-03-29.42609330fps.mp4,idle,12
C:\Users\kit02\GitHub\Cataract-1K\Phase_recognition_dataset\Training_Dataset\idle\case_5329_idle_0-04-35.141808-0-04-38.99566230fps.mp4,idle,12
C:\Users\kit02\GitHub\Cataract-1K\Phase_recognition_dataset\Training_Dataset\idle\case_5329_idle_0-05-35.268602-0-05-41.40807530fps.mp4,idle,12
C:\Users\kit02\GitHub\Cataract-1K\Phase_recognition_dataset\Training_Dataset\idle\case_5331_idle_0-00-12.300000-0-00-16.21666730fps.mp4,idle,12
C:\Users\kit02\GitHub\Cataract-1K\Phase_recognition_dataset\Training_Dataset\idle\case_5331_idle_0-01-10.283333-0-01-13.75000030fps.mp4,idle,12
C:\Users\kit02\GitHub\Cataract-1K\Phase_recognition_dataset\Training_Dataset\idle\case_5331_idle_0-03-33.850000-0-03-42.91666730fps.mp4,idle,12
C:\Users\kit02\GitHub\Cataract-1K\Phase_recognition_dataset\Training_Dataset\idle\case_5331_idle_0-04-28.283333-0-04-35.15000030fps.mp4,idle,12
C:\Users\kit02\GitHub\Cataract-1K\Phase_recognition_dataset\Training_Dataset\idle\case_5334_idle_0-00-03.753754-0-00-07.74107430fps.mp4,idle,12
C:\Users\kit02\GitHub\Cataract-1K\Phase_recognition_dataset\Training_Dataset\idle\case_5334_idle_0-00-12.362362-0-00-16.39973330fps.mp4,idle,12
C:\Users\kit02\GitHub\Cataract-1K\Phase_recognition_dataset\Training_Dataset\idle\case_5334_idle_0-01-18.078078-0-01-25.30196930fps.mp4,idle,12
C:\Users\kit02\GitHub\Cataract-1K\Phase_recognition_dataset\Training_Dataset\idle\case_5334_idle_0-03-24.320988-0-03-33.94728130fps.mp4,idle,12
C:\Users\kit02\GitHub\Cataract-1K\Phase_recognition_dataset\Training_Dataset\idle\case_5334_idle_0-04-19.793126-0-04-23.48014730fps.mp4,idle,12
C:\Users\kit02\GitHub\Cataract-1K\Phase_recognition_dataset\Training_Dataset\idle\case_5334_idle_0-04-56.463130-0-05-00.66733430fps.mp4,idle,12
C:\Users\kit02\GitHub\Cataract-1K\Phase_recognition_dataset\Training_Dataset\idle\case_5335_idle_0-00-03.300000-0-00-07.25000030fps.mp4,idle,12
C:\Users\kit02\GitHub\Cataract-1K\Phase_recognition_dataset\Training_Dataset\idle\case_5335_idle_0-00-11.683333-0-00-18.16666730fps.mp4,idle,12
C:\Users\kit02\GitHub\Cataract-1K\Phase_recognition_dataset\Training_Dataset\idle\case_5335_idle_0-00-25.600000-0-00-30.31666730fps.mp4,idle,12
C:\Users\kit02\GitHub\Cataract-1K\Phase_recognition_dataset\Training_Dataset\idle\case_5335_idle_0-01-32.850000-0-01-43.01666730fps.mp4,idle,12
C:\Users\kit02\GitHub\Cataract-1K\Phase_recognition_dataset\Training_Dataset\idle\case_5335_idle_0-03-21.250000-0-03-30.70000030fps.mp4,idle,12
C:\Users\kit02\GitHub\Cataract-1K\Phase_recognition_dataset\Training_Dataset\idle\case_5335_idle_0-04-13.383333-0-04-17.66666730fps.mp4,idle,12
C:\Users\kit02\GitHub\Cataract-1K\Phase_recognition_dataset\Training_Dataset\idle\case_5335_idle_0-04-44.483333-0-04-49.05000030fps.mp4,idle,12
C:\Users\kit02\GitHub\Cataract-1K\Phase_recognition_dataset\Training_Dataset\idle\case_5335_idle_0-05-17.933333-0-05-21.15000030fps.mp4,idle,12
C:\Users\kit02\GitHub\Cataract-1K\Phase_recognition_dataset\Training_Dataset\idle\case_5340_idle_0-00-01.801802-0-00-07.57424130fps.mp4,idle,12
C:\Users\kit02\GitHub\Cataract-1K\Phase_recognition_dataset\Training_Dataset\idle\case_5340_idle_0-00-56.673340-0-01-03.49683030fps.mp4,idle,12
C:\Users\kit02\GitHub\Cataract-1K\Phase_recognition_dataset\Training_Dataset\idle\case_5340_idle_0-01-16.109443-0-01-19.17917930fps.mp4,idle,12
C:\Users\kit02\GitHub\Cataract-1K\Phase_recognition_dataset\Training_Dataset\idle\case_5340_idle_0-03-11.591592-0-03-18.74874930fps.mp4,idle,12
C:\Users\kit02\GitHub\Cataract-1K\Phase_recognition_dataset\Training_Dataset\idle\case_5340_idle_0-04-00.407074-0-04-09.54955030fps.mp4,idle,12
